firstName,lastName,username,password
Adam,Heidenreich,Hester_Schmeler69,XYv5vbMfeKzps8W
Wilbert,Block,Tad_Hudson,fIIarHshJTY3rqe
Patricia,Romaguera,Felipe84,ods2K3UH5rv4gei
Jakob,Huels,Mohammed.Becker,w_wqOXPcVQl7xCq
Delfina,Mertz,Amara.Grant84,yaVH9AdyJy6CcIG
Cicero,Hoppe,Clemmie83,MJutgY59lvd8ggL
Clara,Runolfsdottir,Aliza5,qMNnOhFYRIcF2xH
Garrett,Hansen,Payton66,LyaPTWJnOYx_eJw
Gail,Corwin,Shyanne26,meo9ZEv0fMP3YMN
Lacy,Nienow,Dayna_Rohan,K45je9ZSsTF1bTI
Gerald,Buckridge,Salvatore_Cummerata,saIGTuUdQGpNA23
Lon,Purdy,Lorine49,TAjUF3lc1dfKD0o
Kayla,Bernhard,Dangelo.Schmidt67,5t9QD5Vla9fv5Ux
Ronaldo,Johnson,Ludie.Spencer,HvHIcBZpoembc9Y
Anita,Parisian,Damien12,PvqbfEqF1lJ71G5
Nathanial,Kling,Federico_Altenwerth,2qkHKb3jUheNSX8
Brionna,Reilly,Sidney31,VGcxHv2hjUdFhf1
Felipe,Lynch,Nicholas.Kemmer,RATJqpASVeTKwAy
Mariano,Beer,Julian81,Yl6Ybha7vBPWhOq
Schuyler,Romaguera,Abraham61,VLO23uevZ9nqGMw
Felicity,Nolan,Estrella.Nienow,NrLoRWd7CV3WarX
Heidi,Huel,Lura_Batz23,DgV0iJlsRZMqcEC
Herman,Huels,Amely.Prosacco,DxHp5d1ifaak8Jy
Liliana,Davis,Alivia62,tFI2XGEb7cS6Mt4
Alisa,Kiehn,Thora0,aKQIlI9Hxlqbpt7
Erich,Konopelski,Elizabeth96,dR4bwjLudgRM65Z
Breana,Powlowski,Shawn.Feeney12,81HSoP3sxAA9C7w
Orie,Huels,Karlie_Flatley89,UvvhoRAOwePo87B
Nils,Gleichner,Timmy.Harris,lxDV6QimpXtq5th
Verdie,Abernathy,Ricky_Bins53,RrsvfB5ixIgTv5w
Raina,Walter,Edythe_Heathcote85,9XP_Y8LQPMe00KR
Harmon,Gutkowski,Horacio.Paucek29,p6I0sbIRz5Fh6KS
Howard,Marvin,Annabell38,13Xnj7ZVNvK_UXX
Lura,Cronin,Kaley_Swaniawski,bs7YX_sF7WNeSwg
Ron,Bernier,Frieda.Gutmann,Wlp2yqgu3dx9RJG
Osbaldo,Cronin,Anne79,MvVeiTspMb6d4Vq
Jacklyn,Kertzmann,Blake81,_xY61xb0K5MwJYV
Kevon,Balistreri,Coty78,Kl8Rf8YXd0xyduM
Ardella,Hermann,Geovany22,0FWyHyDAJOUEAvv
Aaliyah,Greenholt,Camryn55,Z0jRuNmU7pdyf9K
Elenor,Bruen,Meggie.Frami14,FlhaEGmwGjHXM_Q
Isai,Hirthe,Alexis.Parker,9XPROGvINp_K6Ho
Libby,Walter,Royal9,Rf_NGdce5ijLZDn
Mathias,Upton,Nola_McKenzie,yNB3vjDo5Vwgwyn
Doris,Mante,Romaine90,QVmlxbWQ1U9WwKb
Gaetano,Rosenbaum,Rosamond.Effertz,XlUGdS6f80SmYzf
Miller,DuBuque,Annette_Feeney96,nETEw2x3d2cJ62E
Dino,Heidenreich,Lorenzo.Wuckert,5cgM8rJj22Y0X1r
Darrick,Torp,Pasquale55,m6h7tcnXJtCKE2c
Cecelia,Purdy,Anita_Beer,o_Jfd1T_E4LYhSY
Hayden,Medhurst,Dina_Wisoky,QPrOeipGozwnmOi
Lucius,Bailey,Janice87,tuJqwv37Ead676A
Sydnie,Haley,Jan_Jerde,8h4FuJQ3r962QIv
Cleta,Aufderhar,Jayme_Runolfsdottir18,Rkx7TlSoFuwgMA4
Vickie,Cruickshank,Anastasia62,Ch_F8yl9bQXUJyp
Efren,Brakus,Alfonzo_Larkin81,xXx9dhkblOKgCGS
Bill,D'Amore,Derrick2,65AkYHohizqHGoL
Alfonzo,Raynor,Emilie57,rQYMP4MZcT9LG7A
Viviane,Hoeger,Jude.Heathcote,faTTAwXKGyYyZBD
Jarret,Ryan,Casey_Wilkinson,297P0tchwR8MKuG
Gaylord,Dicki,Stephanie89,7Zt6ayYi9KZN46t
Paolo,Rempel,Soledad22,oSkdETU6ABYH5HU
Josiah,Cartwright,Dalton_Wintheiser,5hK2XrL93ktefpx
Emiliano,Armstrong,Miller.Lynch7,FqirN6aQU3J00nR
Robyn,Powlowski,Jerrell.Krajcik,P8KctETzGUvqa5k
Lane,Hackett,Sherwood_Braun,JP0mBfq08rEwGuZ
Victor,Murray,Nicole.Halvorson,jfqw2aoaxNMASFl
Jairo,Kemmer,Delpha.Beier96,Nz0wnWXCfrdVUvn
Marjory,Little,Rudolph.Reynolds90,iq6ZSD0UWn48Jkb
Shawna,Runolfsdottir,Jeremie.Pollich40,9rrusDsbJx7drbP
Urban,Boehm,Rolando.Sporer6,0iWUzIM9Eb9pGNx
Rocky,Schmeler,Guadalupe21,FR3YquAr26dqvLt
Camron,Pfannerstill,Amanda82,CHdttABotIETn04
Allie,Upton,Crystel.Keebler70,yqLhJliWEDsfmsl
Milton,Lowe,Joshuah_Ankunding13,aPk3m8zAeX_PPcH
Otto,Abshire,Bo88,Z3116yZwj0J3maL
Jaydon,Swaniawski,Emmy66,HJqHl7Y9o4CmhB9
Bill,Rogahn,Roy.Ratke,POOPJEBW6bff2rB
Ruthe,Romaguera,Timothy24,X2VzXCOPh5rvgMD
Lura,Mueller,Timmy.Powlowski,Iovi66Yl2dZkdPT
Melody,Rath,Adele.Satterfield,NrvwQqoa6fuOY36
Olen,Kihn,Josephine21,Dq4tsTSGrykQdpX
Leopoldo,Stiedemann,Lavon35,qEjDqNyIZATj2q1
Jaime,Abshire,Chesley_Fisher37,SJIb7knkJhLrsNH
Mariane,Robel,Syble_Wuckert,jP7flUlMyfJqGyP
Lucius,Parisian,Broderick65,iVJC7PayWZuEZ5W
Sage,Lindgren,Daija_Sanford,Nhivyj6TMls0w5N
Alanis,Aufderhar,Zetta_Fay15,IFcoIyNPhTdIq64
Dylan,Little,Rey65,bzFOKu5g28Z7V3i
Cordia,Parisian,Neil52,F1YuUJAI732b9Oc
Edgardo,Mueller,Ofelia_Roob,Dtc245L42u5gXUE
Micheal,Ryan,Terry9,jtgmN843TE4666Q
Janis,Okuneva,Liam92,FWDpd_lU0cJ2TUo
Jeanne,Tremblay,Avery.Luettgen,pDG0R7hFn2RVD3u
Lorenz,Ruecker,Theresia.Dooley86,alynMSKNdXYV5EW
Darien,Auer,Gene.Huels39,TSiBId8VhSZxxIx
Julian,Langworth,Johnny35,uEhN41OlyzANEdd
Nathanael,Waelchi,Rahsaan84,ymu5yauTDQVmthU
Gertrude,Rempel,Isaiah.Jones,Der_fL9Hnsbl3U4
Loy,Kuhlman,Jacky.Mann,X2BFBLZcEu6phdH
Sarai,Bogan,Desiree.Schumm,dHEh1tDXxZrwVmr
Melisa,Waters,Freeman_Wisozk,rDmgJcNCTsjLb2M
Scottie,Haley,Raleigh.Block,earN3bgVuI8CMOA
Carolyn,Runolfsdottir,Aletha.Casper,cQ455W27ndYM2eg
Oren,Beatty,Madonna_Feil77,AAENoZPx9cXbAuq
Bruce,Klocko,Lera8,VrN4jHAdykMV25T
Jonas,Kozey,Mara.Herzog24,gaGb_oMAsOvWEsY
Bruce,Vandervort,Birdie30,0nttoWXSRmuD0PG
Earline,Kihn,Misty.Zulauf12,qjxgVr8tqlyH5Kv
Corrine,Runolfsdottir,Gene_Haley,5q08BK8dS_RKFa2
Euna,Bechtelar,Lucas.Botsford,4jl6OhUlSSALp6F
Tyreek,Braun,Xander_Kuvalis3,IPU7WmEC1XMIPc2
Litzy,Windler,Kyle3,ixYSIoMvxhCasii
Mohammad,Schaefer,Odell33,JUjb3AVG7ge7UZz
Adalberto,Connelly,Alek_Beahan,oWG3LolvwWcQaGA
Al,Hartmann,Griffin36,HRTBrsm2mYRWAVU
Sonia,Baumbach,Nat_Conroy,F_XdcA2XkhZ17Jl
Jacky,Daniel,Emerson.Hoppe44,IoCPt7nC6xjI9Jc
Jordane,Bernhard,Clifton.Daniel25,Px_b3uS4pgYvXQ_
Annette,Bashirian,Nick_Altenwerth,d8NT6OpJlQq3VyA
Naomie,Turcotte,Nakia65,jO3FhZ6tyRdWSnn
Vilma,Bartoletti,Lula50,98b8kQ4e9s_zXfp
Hulda,Little,Adrianna27,RvZsj6Kvn1mSgvQ
Javier,Smith,Robert_White,8syG97CKkTNHjUx
Myrtis,Welch,Abraham_Legros47,m2mVTnkxXj6suP8
Ayla,Pfeffer,Caleigh59,kX5UTVu742Ja2KM
Rosendo,Fritsch,Pasquale49,fC6XhRs0Olhr6Fb
Bert,Rodriguez,Kiel_Price,ozWIBkcwGsOeUcw
Aditya,Romaguera,Jacinthe_Prosacco94,GGK6ATZS91RQjZV
Vida,Gaylord,Albin_Gleason,kAzUB0_WTrCXXcL
Reina,Kozey,Santina_Terry34,MP_xsx9GxBxA2sw
Rosetta,Smith,Rashawn33,7QQ8j2w1NZCZ8mr
Garry,O'Reilly,Abe.Wiegand,euQAM6rX1SNe3LA
Gregorio,Marks,Wilson_Crooks,8OOvYXMNOnbYyad
Eduardo,Bartoletti,Dalton83,1V1r4wYEYPcJilF
Alejandrin,Lowe,Bryon80,8ioJUUNIHev7EwY
Otis,Hessel,Harold.Nitzsche39,BMniEoxWytYoES6
Carole,Bauch,Duane.Streich22,cyUpnmEgZbzOExo
Liam,Cremin,Zackary_Schiller,kSHqG6oW6rZrcjB
Howell,Considine,Lazaro0,0g17Zd1EMudzkXB
Juliana,Predovic,Kaycee.Pagac35,2MvOHZpOscdEg4w
Russell,Grant,Lyla_Hackett,XYLvnpLN8Ykte7R
Ludwig,Adams,Samir_Ratke83,1FsMGRfMBvSTT6u
Keenan,Weber,Saige_Langworth,qXzvBYckutSQfFb
Jackson,Prosacco,Natalie_Fisher57,8i7UTy4iywvvmbA
Jade,Morar,Braxton70,5te3dqOzUVm4exJ
Dolly,White,Angel_Cassin,t7Ih22PfqUMG55y
Hazle,McLaughlin,Alice_Treutel,QEyD6GsVH9bmwfA
Emmanuelle,Nolan,Garnett46,Wct0GIQcgngvolK
Alda,Vandervort,Charley45,LVbQcnJm2YwxEc0
Vernice,Pfeffer,Mikayla_Howell,l50ESvqwt_xW1Co
Gregorio,Stokes,Florencio77,H5UZTfWMf7O5B4S
Marlene,Schamberger,Kacey_Treutel41,IoQkmg7dimiEx7j
Mariano,Davis,Karolann26,PmT9Yj6oAyvLn_6
Andreane,Koelpin,Lee_Padberg60,676pupOoSvgLHZ4
Garnet,Hackett,Esmeralda5,BR6nuuCm6PPgkid
America,Weber,Reyna6,I0ySbQgk_C5Lz9M
Lilliana,O'Conner,Roel_Windler,wJ6ssgKK_G26ckm
Leola,Heller,Anna_Kemmer,U7uJEf5XnjqVIoO
Shawna,Hand,Eryn.Daniel,ROoRxiimVeEOgUu
Alene,Skiles,Laisha56,JdsnD7zwfkdz116
Madisyn,Kautzer,Barbara4,KdvyW3MlsAAYHMg
Ahmad,Howe,Sebastian_Rohan97,OF9PdRLpBes5MOv
Kaylah,O'Hara,Johnpaul_Huel85,M8ZlW63sExSyDDq
Keira,Walsh,Reuben_Rath,bTB_B8rRRym_9jf
Alanis,Stamm,Nathaniel20,Ilmg7d6EWZ_wyOG
Rowan,Greenholt,Leif78,okMabczbo24vatY
Nannie,Kozey,Merle41,jjkEMtMATumZx92
Daren,Mertz,Julian_Hintz,DdFywNFmY2zdlBc
Haven,Boyle,Orville_Hayes,zEPF37G3Ox0CzpW
Noelia,Kris,Albertha_Rowe,BoVLo8kSIzRy84T
Clotilde,Runolfsdottir,Micheal84,cNelabeYMhTOA10
Anjali,Donnelly,Mary.Lemke,oPxxRKx2SNaYOrt
Diana,Kiehn,Vince_Dietrich,8Py_FUokmED8Wai
Shannon,Balistreri,Kellen_Koepp77,J7uW8_bT2rg6b33
Telly,Ernser,Dallas69,iuLIDUnhuZoyycr
Xavier,Orn,Elisha68,918ba4WTJxe4QmQ
Ricky,O'Connell,Lucy86,KrBOhUtoOs_EqMj
Ariel,Sanford,Daphney_Corkery54,xqO1MizBNyxn_Ij
Astrid,Kirlin,Rosemary.Johns,RiVo6PswPhOawEF
Shaina,Crooks,Trystan.Hickle38,5qpJI4yeWh1DJuk
Leann,Botsford,Bernhard_Veum,Ovw6YtK0LH7nEEQ
Fausto,Hickle,Krystel59,Qk2Jwv95QTcuiaB
Ed,Block,Ruthe.Bechtelar,jiGERowCs3qzpIS
Vidal,Grant,Rigoberto_Cormier,1Ux9v2tXpK7dCff
Francesca,Skiles,Rosa51,BiYOKfx0FNupOoU
Elna,Lockman,Precious.Murray,f8Y2Wu8rxyMb4jb
Isabel,Reichel,Dereck.Lang65,1OYpigHom8v0eDq
Joannie,Windler,Stephanie87,wKwSLZ8GPzFu0CG
Hilbert,Lesch,Lincoln.Nicolas90,BMufLsjewFR4DHR
Matilde,Kling,Keon.Prosacco5,89EyypprMh7x6ID
Adaline,Hermiston,Edythe11,BholzbebK5Lr00U
Jerad,Kling,Sienna_Franecki51,QAFiajaA9Zf3uLF
Fabiola,Rath,Llewellyn59,rWWNmlpmaw1TEJf
Stanford,Shanahan,Chaya_Gulgowski21,_1VZxl198jaNTYt
Kathryne,Friesen,Buford_Monahan,xwuNJWqPxDLdYXe
Freddie,Romaguera,Amelie.Kutch,URzKVlbNXqomA7d
Elinore,Corwin,Dejah.Ledner6,AKhchZfcHCfvwLR
Lizeth,Ledner,Brannon_Donnelly,Q9FNxOWhZVS1qXf
Isac,Sporer,Zechariah.Cole7,uhgqEjfpIZPRQc4
Emma,Gislason,Fausto.Conroy22,LsfDxCXFLQN7Khb
Erna,Quitzon,Mozell.Smitham,Q5BiqDf09_aeQfF
Kirstin,Conroy,Donavon_Walker61,s53LbN1EHM1iIRH
Lou,Lemke,Tyrique.Reinger9,oGFCvL4oKj9gsPr
Kenna,Cruickshank,Evalyn_Weber,0MpIlOBVC8F1ilr
Roxane,Barrows,Mable.Paucek92,VH7mSgkEE8ihNqR
Jensen,Dickinson,Leonardo.Durgan61,pp3EPTjCEYyGACV
Americo,Marquardt,Pascale.Franecki,DtehfHmwGWEZC3A
Jewell,Corwin,Gertrude80,wSlVBzPrPCDuKAo
Davon,Morissette,Leonie_Gaylord,Cxh6uCfLhTT73Np
Parker,Hills,Jackie41,mdT0D729ygPROc_
Alexane,Reinger,Luigi.Cassin24,t4rP_W4ixlPCN9x
Giuseppe,McGlynn,Ima.Upton,id7cYtR11lY2Qyr
Otis,Kirlin,Aditya72,jVpjzHFNrKHxV4P
Skye,Frami,Alicia50,eLUtjOsBNKsOCou
Kaelyn,Paucek,Kira_Stoltenberg,9slAwFBotjL5J5z
Eugenia,O'Keefe,Jaquan77,8O7LJgUJWgUX14e
Jarvis,Koss,Buster_Kerluke38,xh5QBAeTrG1uBZn
Everette,Lynch,Mellie98,C6posGReDqQFcEj
Hassie,Langworth,Frederique24,YD5JJ6zCcCDUwRg
Mariela,Nicolas,Conor.Ledner24,8hXjUKDMMuNIg8C
Eleanora,Lebsack,Cassidy50,41agt0b3gzSSGme
Dahlia,Quigley,Gerald_Rosenbaum75,2MJYVfMJWOBS1P3
Destinee,Lakin,Watson36,41rUoejofVBMCxg
Hugh,Hackett,Misael.Bergstrom,xhmbl0V4cR0uBOv
Cristobal,Batz,Harmony48,mwF6x6Hw4FLL3PU
Roslyn,Kihn,Margie_Mertz,JoTyGyyrv_lzOZM
Deon,Kunze,Gwendolyn_Rath,d10DqtMcnRYxDgd
Rubye,Keebler,Kiara.Ritchie,lgYATiUUXuk4YTf
Sabrina,Blanda,Adelle_Ankunding,ObCjj3JCOYQjSuy
Mathilde,Streich,Alejandrin.Hettinger32,Z2NpfLZlwJ1ve_T
Alana,Price,Milo4,IBVLiUwa4_tM54i
Freda,Lebsack,Eveline_Bauch,1kfOUJTHe6ENrkF
Blanche,Dickens,Maverick_Greenfelder63,0xy7xWkktDZQvdi
Victor,Rodriguez,Thora77,u2NWiPctwcUGlaR
Rory,Bergnaum,Wilbert_Runolfsson,jSwXKA8hFN68Fit
Noemie,Hudson,Gabrielle.Connelly71,LpD3HdueaAalQTa
Mossie,Huels,Alessandro_Stehr,tnZssgYhdtOzXqU
Roslyn,Witting,Tracey_Hodkiewicz,rv26CfZAHlUstHc
Tiffany,Toy,Trevor.Abshire10,xLyVrYc97KPlJRI
Alize,Kertzmann,Adela54,a83jY09VS5AObfz
Elyse,Hyatt,Durward44,Zpo4tb_Wbp0XrMr
Leola,Bins,Daphney63,Sxu0_1q5GkEi12P
Raina,Durgan,Gladys.Leuschke,xKX7ypG9d_p4s9b
Treva,Jacobson,Eudora_Toy35,8958xx3OAXH2LfJ
Jeromy,Deckow,Junior.Ryan,Prfe75rJcOczowo
Ryleigh,Schinner,Elta41,e0C2_wIaRNdpb87
Harley,Bashirian,Nikko_Yost13,6ScZZtL9GSm2MzC
Dianna,Shanahan,Herman_Rutherford33,nF5IFiBd5qnyD1X
Stewart,Lind,Otho.Runolfsdottir2,I4g1v6ChW4UXAwe
Ken,Schuppe,Marianna64,SXGpNDv0AlLqdxR
Kayley,Muller,Verna10,xOW6BihqBtfZKTb
Jason,Wisoky,Sarai94,2uJbohXkYXtfrsX
Sharon,Abbott,Orland.OKeefe,Vs0FB0hDY1T6cQL
Jazlyn,Stracke,Louisa_Stiedemann89,lb3r6NSDNdafkPB
Rylan,Sawayn,Pansy43,1YtCJBqhAyKLgh6
Devonte,Davis,Ludie_Hirthe94,dyKt5bU23OpKETq
Shyanne,Schmitt,Orval12,A2Qok0W9Us1Jr2V
Harvey,Mueller,Florencio80,jWHkS0jVdm8RU20
Manley,Sawayn,Hudson_Kemmer,4teSKcTt0t3Qhpp
Irving,Leuschke,Nakia_Smith2,5M2kLWXc0XnD3tb
Ignatius,Walsh,Adela23,PmUCFwI6gFkwN7g
Chauncey,Klocko,Cecil.Lowe,JJhk8c9G4aqgZVv
Dario,Kreiger,Anibal_Franecki85,kcJEgyOA31zeSrn
Michale,Klocko,Laury.Boehm68,JEIo8Zkn4HHBVXD
Brennon,Bernhard,Beverly_Fay,TWoj0Sknl8MHLMG
Claude,Hirthe,Cullen_Skiles,ilct44P48nxvQ2w
Johan,Kreiger,Jovanny_Funk41,2TZWTSgphfGBQDi
Colten,Zboncak,Katelyn_Koss97,R3_3cNnqM2Uq5bH
Rico,Hilll,Jennie_Tremblay,WB8pqv5X2tLeuYV
Haskell,Little,Annie74,9fGqiDBVLJevN1d
Syble,Murphy,Haylee66,HxOOWqp0grB8MMG
Harry,Vandervort,Alek.Schaden91,MKi6XoFxV_CFH4O
Nicolas,Konopelski,Grady_Graham,6wmD9KNkbQ3qGc9
Sincere,Mitchell,Mathew.Tillman,yjxKklabjQ9dsnF
Gregg,Heathcote,Peggie_Rath,sWJM59kaBznKCQ3
Dorcas,Harber,Leonor.Mohr,F2uTVtqFuCp9Zn_
Zola,Hansen,Ursula46,VZn8F6fVbAZLCeO
Josefa,Vandervort,Ted59,ZvR5T6Yq1m5ov7c
Brisa,Hilpert,Obie_McKenzie,WvWMbVPVXkG7VdD
Shaniya,Wiza,Kathleen89,WPH5aoqa8VHVDMh
Katarina,Zulauf,Eddie_Leannon10,ayDpjpVD0NtzqnF
Patience,Koepp,Caleigh85,RJndKblNCXFMFn4
Lemuel,Wisozk,Ashley_Kling65,nVvylBJhCBZoact
Cleve,Collier,Caroline_Cummerata,1OKDxy0mTFJjzQM
Nick,Mante,Concepcion.Vandervort86,23w_odzqdvmohKW
Ferne,Ebert,Sallie_Kling,WXSTDv9PvbFf5zf
Angelina,Hoppe,Holden2,IbmlGXDIuneMCg7
Theresia,Bernhard,Zander_Metz,AER1PxWITl8m1X3
Nella,O'Connell,Kaya18,sKuL2tnY8F7X3uC
Wilfred,Senger,Darron.Grady,Un4O_kam4CNN2u2
Sage,Zboncak,Aliya6,z2qvwOaEMda1L8v
Mohamed,Kutch,Woodrow.Koch,JW_MyqTr9IrIaJU
Kamille,Kerluke,Clarabelle.Olson87,jCXED6au0THLoH4
Rodrigo,Predovic,Aliya44,oJuYPALKZ5NT4ey
Woodrow,Homenick,Jarrell.Lang,o1Wh79LVC9Mi4w0
Elvera,Koch,Amie31,fXcqvpECnYTsa8k
Alysson,Kautzer,Sammie_Lehner41,6tVapMVj39Y7_3Z
Annetta,Bailey,Trycia.Mayert50,J8v7Se6SxT4Us3Q
Easter,Swaniawski,Ismael61,aR3dk56nbgoeyV9
Zackary,Powlowski,Scotty_Pagac36,qC3WSjseg9iHthf
Cecelia,Schuster,Yolanda_Bradtke72,Qxh_m6D8lmyzhTT
Camylle,Smith,Paxton.Jaskolski,wYuKml_gekbGpuX
Kristina,Rau,Raymundo_Murazik,SVgJ9xtXSX6VTPk
Monique,Schulist,Brandon_Glover82,X3CmuGBbMN2V5h6
Charles,Cruickshank,Daphnee33,QXZJSCuzZQxVgBl
Solon,Considine,Dovie.Hintz67,j4jWeYn0UKz9X6M
Mitchell,Kulas,Humberto.Moore,FdjSIG53BRCTJQb
Darian,Willms,Katelin_Grant36,nYA83SbzxHAw40k
Eve,Daugherty,Kira_Boyer32,3NdVc0qIRf9TSJP
Krystel,Keebler,Lawrence11,7t7NRwQ5rQi_tL7
Alena,Goodwin,Abner.Olson,FnJshrqtS5raF4U
Kari,Effertz,Hadley.Schmeler,iJeeXVlf7oaoL_v
Gonzalo,Bergnaum,Hilbert78,qfw5WiSpR7iraz1
Jeanie,Donnelly,Dane.Morar,bmXMm0O0xgUotwl
Jane,Eichmann,Marisa73,90hNsuPkohmR8ZN
Tremayne,Lynch,Tristin.Beahan,mB5THsoYAp1DDlJ
Judge,Doyle,Opal_Leffler13,SgYRBFlj_SdAvw6
Michael,Williamson,Libbie99,Y_3bpX_EWP6wsao
Hadley,Weissnat,Nyasia78,O1vKhyw9eSaONC9
Irwin,Marquardt,Eddie39,_b9eWG_r4nX4E3y
Tristin,Swaniawski,Neal87,zFpTajO_ckztf2E
Sibyl,Kuhic,Arianna_Crist5,vnpOtI_z8oT6FxP
Adrien,Weber,Shanel.Wiza25,9BpyGCq0TPnsqA6
Cooper,Sanford,Ella88,Tpa_Uiwy9Cld4wG
Omari,Ankunding,Jacquelyn39,hZvJGWhkVf2AND8
Elenor,Von,Amir.Crooks,SC3Xh28R5Ll1tG3
Margret,Jacobson,Elta.Thompson69,04vO2rJ3S5c89iE
Payton,Langosh,Dylan6,iSLFi4vPRoEwUXX
Paige,Barton,Saul_Nienow,5kDj8m_RfZiajd5
Brandy,Walsh,Berniece44,IFMSto4OYVsSkaR
Jackeline,Casper,Nikita_Cremin,eRaQuxUIz1XWvQ8
Rosalee,Auer,General_Champlin11,l7M5mn6GFec4RnL
Jeremy,Hahn,Annabelle22,K2qpnN1iN0_alwU
Cordia,Feil,Sedrick_Ernser42,ubmDKnlUV2Fr_r4
Raphael,Berge,Parker5,HziuKOuPlLatpCf
Maurine,Macejkovic,Grover_Cormier42,UCORjGRrHjyoEIT
Everardo,Fay,Kristofer.Barrows,jcyoOV0RihruDTS
Meredith,Jacobson,Jovany_Dach66,qQfq2jc3VAb3Efj
Bert,Altenwerth,Lucas.Hirthe,dzwILeToQWYOqyU
Hosea,Schaden,Yasmeen31,3I_2hUv7xvGU8r4
Rowan,Kub,Santa_Gerlach,Ku6s7Rk7_RW8QiU
Ewald,Connelly,Jackeline.Reinger,Ga4DhkueHZ_Aw7M
Jace,Zboncak,Oran_Kuvalis9,IITMThkLsqNRKYM
Jane,Schimmel,Kaitlin.Harber,UQ5PhFJhdyWutfP
Emanuel,O'Kon,Meta_Stark,QDL0CEG_KpC405m
Destany,Morissette,Kaylee_Satterfield23,3HDUKUpve2kQMu5
Avis,Klein,Charlene66,lG1SjnphtluHza1
Dolly,Dare,Rosa15,1uSmrEeVrXEqoby
Coralie,Lowe,Jeffery_Feeney,ENKB8RECJBswcia
Kiera,Raynor,Arne.Ferry21,fwiYniACEMAwLUX
Mallory,Stroman,Ava_Mann72,0Q_RPsixWeX20HB
Denis,Ferry,Toney_Lowe,3IeEtgvLTO_9n8l
Breanne,Crooks,Elva.DuBuque11,uOp75CCBTbC4e8V
Jacey,Larkin,Paris47,o1wGY8nL_2jlCvf
Hulda,Hahn,Ansley.Feil61,zBDAMVF90O_cmEF
Eldon,Blick,Baylee_Wuckert,ulqLiAxb5VDG8Ip
Michaela,Cummings,Raleigh72,5mDEi4v2BdWLdWT
Zelma,Brakus,Willy.Osinski,cKreyl4yGaNQmF3
Ian,Haag,Roberto.Jast65,wwi1gspTO02mIoi
Maritza,O'Kon,Rosamond7,VuIJXyacEbnpL3K
Treva,Ratke,Rosalind.Cruickshank,ceJlAs7eetFhm4l
Lemuel,Mayert,Isai.Little,ArKrCQKj3ueGhdJ
Norwood,Bogan,Dax_Donnelly93,TbJMMlgqKP0XnQQ
Dudley,Mertz,Deanna.Schimmel24,me0a7MsFvKjQ_aM
Dorian,Casper,Darrell.Wiza96,oYmObtrqWJtDWSk
Isom,Franecki,Gregg_Brown31,MG2WkYfCdR3wmMi
Cullen,Luettgen,Grover_Ratke,HPOCvbffyGsPsZM
Elyssa,Quigley,Forrest.Pollich48,uoHopOoZxutpInW
Kaitlin,Luettgen,Darrell.Swift14,3hI4GJ7FhK5UuWQ
Bernita,Kessler,Ara_Runolfsdottir51,ISHwPf2ZXj_gWuu
Shakira,Miller,Sydnee7,Gv3U1vigRQsP87r
Malika,Doyle,Leonor.Lesch,Etza0PVEFejISYd
Robb,Hyatt,Melody.Kemmer,m0d17hRPZjwgB_W
Keaton,Kunde,Carlos10,3x20_8Ajz3Qy42z
Meta,Will,Sadye.Klocko57,Z0jouHETQMbXgYz
Opal,Ritchie,Emmy.Schoen,_Zba6LIZqX08UOY
Kade,Kub,Kris.Dickens,oKgAcdzuL9gE6Pj
Davon,Leuschke,Kacie33,yHn7bCdawEWWvvy
Carlee,Gleason,Kenyon68,GaU7PlrgNHzzNMh
Sonya,Wiegand,Yadira53,JKxRGlPKdlweL4x
Sterling,O'Keefe,Santos83,kgvLUxRm4n8klBm
Mylene,Auer,Americo_Harvey56,AP0oBYQqAlx_yvj
Rodrigo,Harvey,Randy36,ZKurQAzswjyecdP
Kailee,Bashirian,Sister63,XJdebvEDs7YFRjO
Aylin,Rice,Sean_Gutmann10,Qj08JMOaGRtG3O9
Arjun,Rodriguez,Kylie83,ydKh4wUVh60N_kW
Patrick,Hammes,Precious.Gusikowski98,GNUESuzJMw3dNhX
Rosendo,Conn,Kaylah.Lesch,lM2ibXDOQe1CwmJ
Arielle,Torp,Breana.Luettgen24,CYg0bNv3TW2O9SB
Ray,Lemke,Brain_Willms39,IuNFU5QoihmReDn
Merlin,Hackett,Pearline65,cuiQbUeqMjeWWjF
Darryl,Cassin,Mallory.Fay19,03bc6aI8_99IS_2
Jerrell,Huels,Wendell.Corwin,7MbLXsPhESDt2_l
Ana,Zboncak,Carolyne.Renner27,4R3tOTzsZw8jzOC
Curt,Heidenreich,Tito.Collins,Dh7I3_LTaew88qL
Jeff,Zieme,Flavie.Leffler,LpLU3gmoIJIOe2f
Miguel,Wiegand,Steve.Paucek37,vbp0kilCwA8AP4r
Geovany,Kuhic,Theodore_Friesen62,TcG2AxAzYXyVwn2
Lavinia,Fadel,Ayla.Ledner,bWA6mp8JyE4aBs_
Florian,Thompson,Lessie.Windler46,KJ4UQnNoAL94psJ
Afton,Shanahan,Cyrus80,vjf4XEuowS7f_1s
Brett,Mosciski,Otto.Adams32,ls0d8Dku8oouTJb
Alfredo,Hyatt,Jaylan.Schoen71,B2SHSR_GPVpxBxh
Queen,Walsh,Ida_Fadel,nWguN7rLjBe_4P_
Rocky,Green,Dock60,BtBEYfdMs0xXcUd
Brandyn,Marks,Marisa8,HzMMziwF30kODxU
Melany,Harris,Demarco_Christiansen21,W3wbXaFrT4gP85b
Dominic,Osinski,Berry21,etyLuk8XEtUFpQT
Jillian,Dibbert,Taya84,xoAeZL0huziMqd1
Fabian,Wiza,Bernadette_Ernser69,we47UPV2LO1Nh5_
Greyson,Mann,Polly70,9j8rvqXpeOwGJRk
Gerard,Gulgowski,Lacey.Bergstrom54,lWjIUZTHswyu1b1
Giuseppe,Barton,Kianna51,4Y1iiNC_ZCNEgGY
Berneice,Pacocha,Janis.Emard82,D0Nvi72MpDRzb3S
Jarrod,Nicolas,Imani_Jones84,3BxuFFvSnGqObmT
Eryn,Towne,Fredy31,zVvDccU56I3cJDW
Eulalia,Brekke,Amos30,3PUvnYis9YQ_yLz
Leo,Schneider,Haylee63,m1iuaFscbvpnQAZ
Lauretta,Casper,Isabel_Daugherty,bkMrRbUI_ee2XYj
Henderson,Nienow,Lindsey.Crona12,7IvmIW9LibrysV4
Tanya,Kautzer,Manuel46,qlb2GULF3lERLi9
Tomasa,Grimes,Adonis65,tL2WitwTtUWN8Kv
Francis,Gulgowski,Arthur.Feeney51,BXEElPyy4I7XAdS
Noah,Reichel,Bernita_Hauck95,9YDSQy53hgBr9z_
Albertha,Moen,Myrtis97,qbCTtzWCx6VpWaI
Dillan,Koss,Shaina_Altenwerth50,Hm_6udNJYm6vYAY
Bradley,Gottlieb,Robb4,rT10vfDmuwohhef
Jimmy,Cummerata,Benny_Hintz,OyDqNXzhQWuXf1B
Cali,Dicki,Kayden7,WL2NcY9sgc6ZbO9
Kelley,Kerluke,Jalen_Friesen49,qpGIyPf8_wBNUJx
Susana,Hirthe,Alejandra.Heathcote73,3bMVcEhtYwOxwMQ
Eddie,Wolff,Imelda.Nader,cW2fLgGQr5oXZcG
Zane,Towne,Mortimer.Hyatt,qFv3hiR1wQSpk7K
Jarrett,Bartoletti,Olen.Carter49,CTQQRF7sEkPCjfZ
Dawson,Grant,Urban_Howe,62z5R2rggh1VSsU
Judson,Walker,Otto_Tromp,TXa5PZd0q8QR3ez
Abagail,Goyette,Carole.Walker6,oWmQGsGGzAfk3X_
Casimer,Mueller,Kirsten97,ULRZC1dHIyaPuEH
Charlotte,Schaden,Karlie12,Icr_GmovxTcNjz5
Meggie,McKenzie,Alberta_Crooks15,FSh_WCSOiqS_LHl
Keyshawn,Gutmann,Brigitte_Bayer96,Gzii1xGm99nJMwM
Monserrat,Erdman,Adolf.Frami67,JmcsEVspKSWxRNa
Jermain,Nienow,Queenie59,UgprL_oitsmDu_F
Roslyn,Ankunding,Claude5,3Zbys9qO1ZwXY14
Anika,O'Keefe,Alba94,fFewV2XMk_CxYhf
Chaim,Stiedemann,Bailey_Zulauf16,RZfEI9on_Q3ksht
Rafaela,Leannon,Donavon.Douglas,vfAlIL71hEBHngX
Tavares,Bednar,Cory72,3jeCHHZf4YszKfM
Michelle,Upton,Rossie30,xJTzLNWNohxedDD
Angela,Roob,Beverly.Boyle68,Gzb4UQOtKp4s_3W
Aylin,Torp,Cleora.Schinner,tw4DrKXyuXQV2r2
Vernice,Kohler,Jasmin.Daugherty,ulpphtJ6QHwiEVo
Donnie,Mann,Marcellus.Fahey62,KA4Pfp2zEBAESbi
Amie,Jones,Garret.Gaylord,633BwlP4AAGMks0
Deja,Gerhold,Noel43,9OoDv_3kJC0dvAb
Francisco,Kunze,Pierce_Yost31,DJWXXpqbCkBTKvr
Clare,Johns,Trevor9,r3_63SKELfCPvJc
Maiya,Rolfson,Columbus2,DKWXGe7xbCTUmEQ
Krystel,Koepp,Gabriel_Shields15,DBIkEfixiPdHJYa
Thaddeus,DuBuque,Ora70,N2ovrZKmwERCgWA
Pearl,Reichert,Cindy_Rodriguez,qXYFjqq411tYl1G
Monique,Sawayn,Simone.Kuhlman,JLw8tWjAu_ItkM9
Aubrey,Stracke,Rosanna.Leuschke44,vutz7nfnc9aAdHh
Jettie,Emard,Catalina_Hagenes75,Rj84gKmOtHszzGX
Tiara,Hahn,Mia_Glover37,ThqLGJBItKqZkmW
Sven,Greenholt,Luna_Quitzon,ASdRrcEVGtMlHSK
Pat,Conroy,Alvah39,afa6zM10y7z9PDG
Santa,Nienow,Joanie.Gusikowski2,Z2NkSwv2ef5YPbX
Estel,Zulauf,Tressa.Buckridge,0khvRtWbe43ynen
Cody,Crist,Chanelle91,W9JXzg3ryrUYrE7
Paul,Miller,Arnold_Zulauf,xg3S4nuVeSQ0KkD
Melissa,Kreiger,Stacey_Turner,c76OeCYjRL_EmyF
Soledad,Mosciski,Hanna_Mayer81,dv9zEgSa6fTOGF4
Kaya,Torphy,Gwen3,QEWc8dPXiyAeApx
Jacynthe,Trantow,Christa.Leffler,fIVhPV_U2Qb17AV
Clinton,Howe,Trycia51,wJahvDsPNuSxD0O
Granville,Hoeger,Koby_Harber,lEGmF7oL8upkJV1
Lilla,Cormier,Adrain_Cremin,DnoRzgMKHOViALZ
Mayra,Predovic,Pierre_Koelpin18,oumPdoxnPfAWaBT
Cornell,Cummerata,Maximillian.Casper58,VAxeXRAwsyz6quw
Mitchel,Mayer,Alva50,CkLhlMYyEk3G0Op
Napoleon,Harber,Maia_Sipes74,WO6MXZiJ04qZhWf
Kailee,Wolf,Geraldine.Zemlak59,rVg0poGi6sDOd9v
Demetrius,Murazik,Fred53,kGj2_tbqr5UAq9h
Letha,Rau,Fleta_Mills,hDYHjYGqalmQ7xO
Drake,Schaden,Sean.Bradtke75,5Jv0BTStIl_PKOw
Adriana,Hessel,Melany_Ryan72,w9jTDrhbv2gmWj_
Osvaldo,Legros,Edgardo_Huel,wuEyaByRm1Cc8_l
Irma,Kling,Rupert38,syrNku7VVya2trp
Emilia,Klocko,Giovanna43,4CP_48MCCLOXLd8
Haskell,Harvey,Bruce_Balistreri,s6YWkktPKWLNaKc
Rebekah,Bashirian,Toy_Prosacco11,hnez0CErO2DkA5f
Brittany,Ledner,Jeffry_Bernhard38,ivsoMLBfkudoMLR
Maurice,Kub,Katelyn_Fadel40,4_uV3cBtIm2ggk4
Pascale,Trantow,Elwin.Kirlin29,JGKCyKUMpZehvcU
Guadalupe,Daniel,Rosa_Feest76,djtW5EsbmEnHLBO
Loyal,Daniel,Myrtice92,Cm6NAWohkr4cUWC
Aida,Feil,Jazmin_Crist67,5dMCBnsZwOJNpYn
Marvin,Kulas,Sheila43,1KJP9kUD6inaN2S
Myron,Johns,Syble_Hermiston44,PyJuOQbxA1DLfl7
Hanna,Bartoletti,Joel_Marvin,6e7EEbF6OFwpXdl
Hildegard,Lehner,Delmer.Reichert,D97FjCc1AldOiLk
Cheyenne,Grimes,Edwin21,6OAckxEv8mtE_Jy
Laverna,Schaden,Nathanael_OKeefe95,uQW5KePEKNXUbQ_
Eldred,Rohan,Zachariah_Jaskolski,youULoGTh4fqBce
Judson,Wilkinson,Vanessa38,oaz0AqXcTtATwFz
Muriel,Reichert,Jamey44,sRtLzgDdoOa5w9y
Macie,Kessler,Amani_Schultz,69kkxUpnawiRVGN
Shane,Rolfson,Jacklyn_Macejkovic,SlWSMb03Zz7PxQk
London,Kris,Bret.Paucek63,sggS1VdbGGu9ZsI
Josh,Johnston,Alycia.Farrell,idaTH65mg6Z2VyL
Elwin,Pfannerstill,Elva_West,S1wg0oziQaI_ezj
Earnest,Cassin,Neal_Terry90,3J13l7Ymv9qYvH5
Brannon,Gutmann,Jerry.Simonis,F6OGDnlpBOtcqtJ
Daphnee,Mayert,Niko50,gTr9wu6_5cwfPAY
Trevor,Yundt,Monte.Dare,iVgzrQ4EOj8DGzF
Wellington,Hodkiewicz,Alexandro_Pouros78,Md461puimV8DYlK
Diana,Schmeler,Geovanni_Hintz92,NFBxZw53ypi7rwQ
Laurine,Rogahn,Marilou_Bradtke,6s4wXkT76g3uaKe
Trevion,Runte,Rosanna_Yost41,a5iHPDX0NFMp4FG
Kendall,Anderson,Aaliyah83,wqTHRic4Gl2G2lE
Mireille,Hirthe,Marcelino.Harvey23,85YoGPwhjMcGGms
Jakob,Nolan,Daniela.Kub16,6tl91Lsi0HcUhcT
Bailee,Beatty,Newell23,BdZd3WMpSsB33am
Guy,Leannon,Joseph13,QnFhzw0H1_GqjuI
Dayna,Welch,Reynold94,BQUb0hETo2q4pZ1
Cary,Kovacek,Cleora91,a6EFZUKyKQkxKsI
Tabitha,Morar,Alberta_Walsh,ySUrAcBPELOlhxP
Everett,Ankunding,Calista.Stehr15,HtqbEVtzHoxbsQ8
Madie,Muller,Nelson91,rL0i0R3MjSYQ9rt
Elaina,Ryan,Adeline.Maggio,ed0QlXtkBEhgxsS
Jody,Jerde,Leann26,ez2avoAzmjSjmGi
Aiyana,Wyman,Owen47,Wm_ruMCm4vM5vPp
Xzavier,Corkery,Clementina_Koch,6EmGA5JFytGkicA
Giovanny,Gulgowski,Amira_Langosh93,loyhXxULKaTc7Qk
Gladys,Prosacco,Napoleon.Torphy,JVG9ccmYBjGCTFq
Ezekiel,Runte,Willis_Wintheiser44,dYogrVI96OSobnA
Mckayla,Cruickshank,Kristian.Koelpin87,WY81JbXtReD67Fk
Alessia,Stroman,Kevin.Will,X38gpz5Qq7KRQmJ
Ryley,Wunsch,Magnolia21,i5lvusI2XCOa9_h
Abdiel,Reinger,Eldora8,PYQI6aLjbAdG2cU
Ron,Witting,Beau_Moore,hU6VL903YBk6Gnb
Eliezer,Schulist,Olga63,N9Wf1ZdAnYLf82s
Larry,Goyette,Brigitte_Schumm,OS60Zn58uUdQU6g
Donna,Runte,Alexandrea.Runolfsson,z_f27yrsBcEaQ0L
Elenor,Will,Omari56,heqyivgfNl7znIZ
Jaden,Wintheiser,Irma_Gaylord29,4IRlgW6WB8mpdTP
Maximus,Zieme,Iliana.Hilll56,jRwbOEafyZwkyAL
David,Wolf,Maeve_Veum,m4p6oQiS4vblWtX
Aniya,Lang,Camille40,D_MpLcnFZRKzEFO
Alia,Stokes,Laurie23,4yWgIbh8k7c2A85
Velva,Yost,Katelin.Kutch,xiptWw_t8hM7ZdG
Jeanette,Bernhard,Aiden_McCullough,_DBE5VlPX1ZsNGf
Alvah,Schroeder,Sigmund.Maggio32,oxu7MJQqBYO25Iz
Jordi,Kuhic,Alden.Stiedemann26,zIn6okSw_qhJkq4
Mercedes,Pfeffer,Cassidy38,67DPneMGkLD_C3N
Brett,Becker,Alexie69,dIZWwA37ZNq7GvC
Wilfred,Orn,Angie90,7CTbZSVN1J9c7j2
Lawson,Heaney,Kaleigh78,TBaa_Hy1FFL78QR
Piper,Kohler,Dejon84,7I2bVe7kXFYOGv6
Tamara,Goyette,Dallin12,_qi80WzBpmT0bEw
Duane,Considine,Sophie.Breitenberg79,iVk_wy3XvkyeHS4
Guillermo,Legros,Zackery65,G8rY6CWUfNZcEcx
Lauren,Schumm,Destin44,l96FD4gHXuMQ0yZ
Dallin,Kutch,Jordyn_Deckow89,yuQPeMZKlEz5IQO
Alexzander,Sporer,Devon_Koelpin52,22r3t9MQL8pll_b
Leatha,Christiansen,Lilliana_Wilderman,nsmPViMM1rzLJmn
Jasmin,Walter,Darien35,V8K_ttzp95FNyRX
Laisha,Bartoletti,Cindy.Bauch14,O9khkJjoZk2BqGh
Zora,Ryan,Florida.Reynolds,aVrtGE5e70ImBRJ
Elda,Kling,Uriah55,EvjnPZ2zkIXQybv
Arno,Bartoletti,Ebony99,yLiytwEipYY5snw
Cleora,Beatty,Jodie95,8TZYpXydO9EeTu7
Jamie,Connelly,Myrtice.Rohan51,I_Ts558VjVtHEJL
Clemmie,Kemmer,Sabryna_Rohan6,HoIHrod0yaeACKl
Americo,Will,Nathen.Buckridge0,ORi8DhjCuq8faoI
Rey,Hettinger,Alford_Satterfield,lb4lMJXoXS3klGd
Rosetta,Wintheiser,Shawna_Brekke,ZUa7Su4tXTdtKOm
Lola,Treutel,Pansy26,SaVioSGKK0IQ7IQ
Nettie,Schultz,Janessa.Nicolas,Pz8b2Xp94lnJYS6
Wanda,Kovacek,Edna_Grant,XCk3ZGpxFRYTT9C
Alfonzo,Berge,Delilah_Rau86,J6wEljVgn9nKImn
Liam,Rowe,Enrico.Yundt5,sRxrV6SskKBp6JW
Nora,Lind,Stefan_Beahan,a0GXbVmCxalbmWk
Jedediah,Jakubowski,Macie_Hyatt63,m55qwcGMi3WsoUH
Demond,Ledner,Garrison_Bechtelar88,fNFbaFAQL9VyHew
Jamir,Farrell,Dave_Goldner74,a9lQi9LeKugdNPJ
Anibal,West,Nettie_Kling38,suh0Y2IK96kCGQv
Jena,Brown,Lavon92,mEFLd5NnWKgdJu7
Jerod,Franecki,Natalia.Rowe,6FDjRglwRNwnzVM
Omari,Littel,Cody9,MZJ2AC6Q5_hzhe9
Ona,Wilkinson,Ethel_Gaylord1,MMbPyyJ94cbowcm
Geovanny,Pfannerstill,Kamron.Champlin7,vYc0N1gROhyCACE
Jeffry,Renner,Chet.Purdy36,GMFyYFEx9gzZ282
Carmela,Wilkinson,Nona_Watsica,UxLcWbmycUUUyCn
Vicky,Ritchie,Buster.Jaskolski,zOM5z84vwh4xHf2
Warren,Bogan,Oceane42,xzNa8OBi_6jzbiF
Ethyl,Bradtke,Marlee54,oqmKvHEfJNLlTnY
Lourdes,Schmeler,Berry_Sporer57,LmOCSZsnQeM4NjG
Kaycee,Morissette,Arno.Hammes75,tgLs7wW0ekIMv1k
Loy,Wolf,Anissa.Baumbach,vpcgPmirqbhBKbV
Domenica,Lesch,Clovis_Monahan,Pai1yHWWZLN2iUS
Isadore,Cartwright,August79,iGE1gW0zbnnB3Id
Clovis,Hansen,Jazmyne47,B48xm5LDSTzyuiw
Deon,Graham,Dusty_Farrell14,S73HF7Zyq8Akxpm
Chasity,Welch,Lewis_Kuhlman17,pZOaBwHZV6Y99n0
Carolyne,Torp,Lisette_Hayes,nh_qdbRaGejRnoF
Mckenna,Sipes,Joanie.Witting,XcfwFDCvgh6er1V
Loy,Mertz,Isidro40,xpKukVukztYgW0B
Houston,Upton,Timothy_Kiehn,kKnST83rMfJQS1q
Trudie,Crona,Fay.Wiza,D_QSvjf6hJqsZFU
Jacklyn,Wisoky,Clementina.Rolfson,NlOTF0pXYrBytRQ
Rex,Stamm,Jennifer19,D6qxpTJ2Y1pdiBp
Rusty,Gorczany,Grace_Dibbert,L2fcyqCfunLZOZk
Rafael,Hilpert,Prudence.Price,9bletPKkKLx8j2g
Andrew,Howell,Nellie.Klocko92,zXurjZXqsFdFhkH
Heather,Littel,Melisa.Breitenberg10,xE9mcw65T1BtvjJ
Lindsay,Gislason,Jadon29,l0ski_5LloqTb4C
Cindy,Parker,Vida_Wisozk,kjog8C0m7Cl8qfO
Rachel,Runolfsdottir,Glennie53,GlOrpmnetjL847j
Adelbert,Tremblay,Reba.Hoeger9,J2iB8EWXZ5bNESM
Ora,Gorczany,Elenor_Hilll,VYe46K8G0G9ZbUe
Neil,Koss,Stanton_Gorczany,YepvLcSLP3g5ivz
Marcel,Heller,Emery_Harber48,TguWrwPkmo6euB2
Geovanni,Nader,Tyrique_Keeling,cGoyInD27G3We_a
Braxton,Gulgowski,Adriana_Ernser,lXUruaRD22kPq_x
Alanna,Gutmann,Tyrell67,QOBE1smXLPFzCyC
Delilah,Blanda,Arvid.Botsford86,qvXaYpY9saRIms3
Trevor,Cremin,Tara.Carroll,Mtw1BtWHngA1HgO
Uriah,Renner,Katrina.Becker46,0qDJpfnncu9tyic
Charley,Heathcote,Kamryn12,Q7GWRpv5ZMf2A4l
Hillard,Corwin,Lessie_Hauck6,v_v7AO77J_qEZfA
Enola,Walker,Joesph1,O7gWDJqmKgOi_YJ
Korbin,DuBuque,Jaquelin48,UJFLKQ0MNPbqVnL
Rahul,Gerlach,Lambert.Kassulke,_1Ao6BXDNyr887E
Laila,Ebert,Keanu58,O25yWRk6at4N5nM
Amanda,Dickinson,Delia25,adUf87OS7kRvady
Elva,Cruickshank,Jo.Price,n0vOk2G8RGsRxOu
Jaden,Barton,Bryce_Bernhard,c90DWHBm1UqoSKz
Gus,Collier,Vivianne_Bergstrom66,LUVmEIh77yLaMhe
Kelli,Rosenbaum,Jimmie.Hills95,2xz2yLDCsmGFd9M
Moriah,Kassulke,Ardella.OHara66,c1NvFxDTICjON_w
Wendell,Lind,Helmer30,wRAfHALKnVLjZ6y
Samanta,O'Hara,Isabel96,KAxnskdXG2Uj8eh
Kenya,Schumm,Leta24,SitPhhKa_WltMZE
Josue,Labadie,Korbin.Daniel,FM7skBk3qqtmu6z
Jasmin,Goldner,Natalie_Waelchi,Al6nrePUryKuTKL
Johathan,Mayer,Dale_Mraz,78tojPbdqK0xCj4
Rashad,Keebler,Quincy60,WB329JVNUBRR1Ze
Rickey,Yundt,Edgar.Mayert31,n7P6CjScPPyR1JR
Alta,Herman,Jessyca.Lockman2,Fd2UCjTA6mbjlvU
Darian,Turner,Kendrick.Runolfsson43,TzQJRlG3K1ZXkK1
Rory,Kris,Garland_Cronin,XB69mzsIwnm0a9E
Henry,Zboncak,Jedidiah46,4hH6F3OrKThoQ30
Verla,Harber,Vesta.Bernhard55,GjAwZwy598Lqtd_
Delmer,Steuber,Lesly95,w3em9NNsiZQfZDo
Henderson,Bode,Nicklaus_Moen,PyM32HeiGyJaH8I
Shawn,Dickens,Lillian.Gleichner1,UCWHp_0g387p7Ba
Ezekiel,D'Amore,Lyla38,lJ3_zwkQcR7ZEUa
Nicola,D'Amore,Lavina_Yundt,aZhRghxEE7zZxiI
Gaylord,Grant,Johan_Howell,WpEAJRG4c5MBsxX
Angus,Turcotte,Retta65,AN6KqCzMENflHms
Anibal,Baumbach,Darrell79,CcNtm734KAAIqNK
Otho,Yost,Max_Mayert6,sfOx9nsSS1VinTU
Elaina,Hodkiewicz,Geoffrey70,4fhjrGY8Y7zwp5r
Ruben,Ziemann,Estel25,nHj1DmFNt69MEg3
Ole,Grimes,Marta_Lubowitz90,J_PHZqd3MtLCemF
Greg,Spinka,Ludie39,ikoOWCbf5Gv8bvB
Petra,Stokes,Talia.Crist30,uN7P9dt2oybcwOX
Henry,Hoeger,Melany.Crona,It2ZyyEcdcqDfAy
Austin,Armstrong,Ines_Shields94,zJQeaXoDFQ198lT
Nathanael,McKenzie,Frankie.Durgan,Z4u7SoCYTDFI_pX
Blaze,Harvey,Joy_Kassulke88,kRAXtMlxLuOUthR
Thomas,Parker,Dane.Dooley41,QJ2FrXj5UcKcFfY
Andreane,Hagenes,Nikita.Marquardt,_EeO94sipaO_wk4
Saul,Huels,Quinten_Hirthe,QclhT6PQiwNvQ22
Mohammed,Witting,Dandre_Crooks23,B7qE1sJoA4C2gwb
Aurelio,Murphy,Gayle81,2ugaZbqr5IJ3PVA
Gavin,Bahringer,Hector.Metz,PBD7eUx8BwaPCum
Rogelio,Fadel,Arlo.Walker96,lDGv8UQOeWk9mzE
Rossie,Hansen,Myrtie.Torp,vZuUZjXcM7UeKAo
Alexanne,Terry,Cyrus_Boehm,L33vujiNdIpHXNe
Billie,Gottlieb,Harrison_White37,gpwxy6PYui61uWL
Marian,Turner,Noemi40,tRD6Ms3iyGghmX0
Milford,Daugherty,Selmer38,ZkFzHHhWBIS0SkZ
Lisette,Willms,Mariane.Schmidt,i_VNVXSbvqIgIJi
Valentine,Klein,Willie4,Ild7npLD0Uh21C4
Nathen,Breitenberg,Einar27,CON7RlScGOQG9Cc
Cornell,Waters,Asa64,1GMB9AA84DoVagk
Garrison,Abernathy,Celestino_Beatty52,nlRRh9je3Je5NAv
Mathilde,Huels,Jessy.Schimmel,k3lcFj5wTHJHNeT
Desiree,Renner,Zula59,x4vmCZFkYeAvkg3
Rick,Hackett,Benton.Abbott31,Lpeq7m8doL_VaUf
Clovis,Ortiz,Yolanda_Walsh24,nY2NpCO4qywS7K1
Keshaun,Jacobs,Karli_Romaguera,kvgkwGLEXaavnIl
Kennedi,Vandervort,Isaac_Marquardt91,DrPBSkGQAaFWEkp
Paris,Effertz,Reed.Olson13,JLdDzVRpKpReWaH
Haven,Hagenes,Toni_Kertzmann62,emXnsHFx34ERbPJ
Yadira,Wuckert,Gay.Ryan96,vmvtHcqdmBvCA9h
Kamron,Murphy,Braden_Gerlach,0_wi5rphunjU_fs
Pamela,Dooley,Jesus_Nolan,t9_JoBoAnRTw1Ds
Bradford,Schneider,Ara37,Gq7SEYRma_VkQSN
Ephraim,Pacocha,Rashad90,_5NkTq75M1fKIYZ
Macey,Kunze,Ettie_Towne37,iEOcviyLab2lID4
Triston,Hansen,Montana.Harvey,QoR5CJ835cgG4cm
Joaquin,Huels,Bridie.Bailey,ev7YTt9fz_jXGBV
Karine,Conroy,Melyna96,DvM5Hr6pbj6tUO3
Jerrold,Boyle,Hollie_Von96,4vid_oloVnL1lhs
Waylon,Morar,Shanon_Rice85,V2V1Gzn9Z2NIQnu
Camilla,Littel,Richmond97,pe19eKm4wlkNGlE
Ursula,Halvorson,Marcos13,Aer2yINK3uKIII9
Malvina,O'Keefe,Drake.Flatley,HAa8R9B3Q6SEhkW
Heather,Lesch,Shawna_Durgan,eRqnePqIxOycY_U
Helen,Bahringer,Lurline.Wilderman,RoFgEm8BQIC5zNO
Kurtis,Feeney,Gayle_Kling,PaeAvWCQK1u00ga
Elva,Auer,Joanny.Bruen96,8THEHQTQ24DigUT
Foster,Padberg,Mariam.Harber76,ymqF7CPdyDaWn5y
Percival,Feeney,Alaina_Zulauf24,KbZ5Rv9PSB9NY8I
Vito,Ferry,Nels6,uwTkaXL4JMnhwEx
Hayden,Tremblay,Howard.Purdy8,ZAYP5gkgVuatm6K
Diana,Schaden,Jayden.Morissette,bptUGpd7V1dq0uZ
Pierce,Walsh,Kobe_Gusikowski39,J26mvSEqlxRYmyn
Wilbert,Berge,Jade.Ruecker,dsPXAGds_vuAkDz
Ian,Bashirian,Johnnie_Hegmann,FEGd8GM_nvehBv5
Maegan,Friesen,Emelia_Rosenbaum58,rV3DTiNKDlG_LzV
Arlie,Roob,Matt_Bashirian1,P725OwCCIVKZSNv
Naomie,Schuppe,Terrance93,yAbEvfnpp6cp9ES
Elian,Effertz,Keshaun_Kreiger,5JCna2iAOlyoerc
Coby,Koepp,Keara_Will86,cJaxtWsutfgip0d
Hilario,Lockman,Ewald.Bosco68,8cJp8xLC36FDfY1
Jacey,Bartell,Hal_Zboncak,FV1NgNuZ25Veawb
Mohamed,Watsica,Jamie.Balistreri,W58yO6E3e4sfpvc
Matt,Rowe,Deangelo.Kulas,PJgX9FWS6KCbAl8
Arnold,Monahan,Chesley60,hmnGAvluvr0pIr4
Kip,Blick,Liza.Huels72,4vDTcbiMoeWbiuu
Felipa,Okuneva,Orie_Swift,_3EVvlcu5qjPu7d
Zoey,O'Reilly,Gladyce.Wolf,NLHKQD7msSrLQiG
Ludwig,Lemke,Gillian_Bogan15,e2onPqTCYwRfWeT
Carlo,Franecki,Dominique.Gottlieb,ueQUvPz9jvHNGko
Delphine,Waters,Dorthy3,H0eAUVwjU3hDasE
Westley,Kiehn,Neha55,01iEre6V6Y74z5D
Emely,Frami,Kaylee_Bogisich5,k98WxNkeSdCK3yX
Leif,Zemlak,Danyka_Hahn,jBSmLCEtr8JKxP7
Johan,Kub,Hester.Schaefer,sNmvYxNSQKNp0im
Vincenza,Collier,Gladys95,bcpZixIDPzGExZ1
Adriana,Gaylord,Junius.Haag,0vR31BGIu4EyaCC
Bertha,Ebert,Kieran96,R4cm_WlKqz4lnba
Brook,Mayert,Sheridan36,AL97PDEB81zo1_K
Isabel,Hirthe,Melvin97,A2yh8lMa0nq174v
Shakira,Dare,Maximo_Ankunding,qL6SQk3UzQL1_bF
Delphine,Bahringer,Toni71,9vHpUIFPLDG2rum
Rod,Ledner,Virginia.Leuschke32,nY5t0BzOVFZz7_Y
Sydnee,Spinka,Alexandria.Kreiger,fFAdmraxPwHVM4N
Lowell,Casper,Kenneth.Lehner,y8m6u8PiXPFCAFm
Helga,Wiza,Giles.Shanahan,dHfNCZqfvlPb2VE
Olga,Nienow,Michelle39,ORfN04QPlmFbfWf
Mackenzie,Weber,Ressie.Franecki41,osf9GSUyhpJzDxk
Santiago,Schmidt,Lauretta.Hessel,S66DqvVbr972jAI
Declan,Bergstrom,Nadia.Wilderman55,olPJD8j1Y20IN4U
Kaelyn,Dibbert,Shawn1,3aDVjoGxv6QEZtY
Ellie,Balistreri,Rowan.Wisozk5,D2rvbf8W4HxwlGS
Israel,Ruecker,Kaylin.Ratke,9DlZY7_CQE7THyK
Anna,Murazik,Ian5,riUqQDRcb5UOLby
Rickey,Schroeder,Magdalena_Abernathy,qvAnDNGrxP5Uqq9
Morton,Littel,Libbie_Bailey,4RgVvK8Mq4jJz54
Margie,Abbott,Nikita49,xh2mWCwI6kvkrw3
Jada,Mraz,Ivory14,Nq3a6kh9LGqUOmD
Jared,Schinner,Antonio22,NfkmslEKxAfUj5a
Antwon,Greenholt,Malvina.Kuhlman13,Fd6ENA8yPPX5x1S
Jacklyn,Bahringer,Yoshiko53,UpVWfbMY3jE1iLy
Kay,Runolfsson,Austyn.Feest53,fNh3jAXqYKMvuCG
Kamron,Terry,Ocie_Torp74,jHSDy5dcboNCMxY
Ron,Schiller,Noah_Lowe74,A2KmPioW7kw30Km
Chloe,Funk,Yasmine33,GLU0jqfBWJ5E3hQ
Charlene,D'Amore,Darron47,zbVY5OXgyqQassC
Lucienne,Parker,Gaylord61,Uo3_7ZB4dNmcTdZ
Sylvan,Glover,Devante77,56PBSjeFBXCqBSw
Murl,Ziemann,Manuela.Krajcik79,E3NQJApv8MvKT5I
Ole,Rogahn,Mireille.Bins46,hlDU_2yDWxwfff6
Jan,Friesen,Joaquin17,NQN2QrQRKbHhAG2
Antwan,Kshlerin,Agustin_Rowe60,PowOsdBN4cb347D
Elisa,Grimes,Carroll78,xiLX1uI5wea6_G8
Shanny,Gulgowski,Veronica.Lindgren40,KLMR60haBeeyxc6
Savion,Lemke,Gene_Denesik53,HgtbPewSODKN0Xo
Haleigh,Senger,Nathanial14,BvJwql7F8Rycf7q
Clifford,Gorczany,Zachery_Kessler,t4B1dg_2IGD4cUC
Earnestine,Schmidt,Manley_Kovacek97,LOCBhIJ0D4CeoJq
Justyn,Stamm,Charlene77,UcxT89UxaLOZYYM
Eddie,Quitzon,Dock.Adams,NSnKjyBmBH0lEN9
Lionel,Cummings,Carson36,FJuSttOLbvrjTRy
Max,Stracke,Glennie_Hills60,Ql3Hj_nJsDRqjTO
Sammy,Mohr,Dax.Kessler,y9JlEIU71ORguLQ
Jesse,Pfeffer,Pauline.Adams43,E3qRnG1Ns91_TTH
Philip,Stokes,Fae.Lehner86,Ub8786wGEyABmUL
Stewart,Mraz,Ryann.Luettgen4,LRTXMARFadpF6Ww
Alverta,Mante,Haley_Glover50,WIaLI6BabEUbNJ7
Kennedy,Nicolas,Mattie43,xJUJG6NXXaeAIUw
Jasper,Goldner,Fabiola.Gleason42,QcWQkHnj3p60zXl
Queen,Turcotte,Wilbert37,8RWzq6d9AC6J4NB
Enrique,Schroeder,Albin.Carter,wV7gRTRe1Bb81MU
Jeffery,Emard,Vella43,hVhfK8yqm_QfoOo
Mortimer,Macejkovic,Llewellyn_Dietrich24,k3XxpjyZvHUN7u7
Celestine,Johns,Liana88,OuL_IxZntE9OWzU
Elisha,Blick,Valentin.Schuster5,fiBQs6vvP2icPXj
Judy,Johnston,Karianne74,FHoW8vPaCWzak3z
Tom,Aufderhar,Javier.Ryan,YVN_IzOQT0_HTSm
Marley,Osinski,Wilfredo20,Xl12macSg9fV994
Benny,Armstrong,Assunta71,6amcHoX5LS3V5EN
Viviane,Von,Princess32,1AD1hFTHPSrapt9
Reece,Crona,Travis81,P60rn0m_trYuZkZ
Keven,Ortiz,Rhianna.Fisher12,wK1hvyZOaTsXhgC
Laurie,Prosacco,Aileen34,ju3tOpCCptuw55o
Rhea,Pollich,Reid92,BWs7SfIU5Y8xYOq
Mossie,Krajcik,Suzanne.Schmidt61,QWsmqWoVMjGb6Cw
Jerry,Cormier,Ubaldo.Okuneva,wrNxrmXyl78_PGB
Katrina,Ward,Jenifer30,La7PUxMu2OERQjt
Mariam,Ernser,Millie_Franecki,LfjzI58Lkkrvkd2
Rylee,Heaney,Genoveva_Turcotte,r8nnewOAjP5F6k2
Clair,Schiller,Kaci34,cjP3EYPOFdFahuR
Rex,Douglas,Nash5,YVEgbBh5XiZAbZ5
Deja,VonRueden,Andy_Lindgren44,3OoZnW2cm6ycMAj
Jovan,White,Ike.Jacobs,xWAax2OsrX5QZYv
Alysha,Watsica,Vena.Eichmann37,TNtiQq1flZUs6W4
Juwan,Volkman,Lauryn.Rath85,agySnUNmCWBVNPQ
Barbara,Wuckert,Rowan_Block39,ekOEaraHJ6CDFIi
Reanna,Hansen,Heber_Maggio10,GT_nkZIZXYFoHbR
Magali,Quitzon,Johnathan22,DK3qByS_j3U6s2S
Elody,Wiegand,Andres.Grady33,iZexvRsEDmV9btZ
Jaqueline,VonRueden,Willard_Herman22,MP0lk5SMKsuOMJ3
Lourdes,Connelly,Marcella.Roberts,NV5uZJvpIoZrdIu
Makenzie,Lesch,Kellen14,h8tkT_xtWpGqhz3
Devan,Collins,Theron_Keebler86,8UUxPxrvgEss7Nj
Nichole,Klein,Maynard32,JI1QhUmXUUL1EW1
Avis,Kulas,Margot73,xpjwE159To9B7Q7
Emerald,Reinger,Elta_Gutmann,_RDMqILnhvydmFg
Stella,Murray,Beverly37,NlvdNPAT_MKZ7rt
Brannon,O'Conner,Delphine_Nolan,Khzmb7u27GH_LOw
Bertram,Armstrong,Billy66,cra0uRo3Mo4Dl5y
Lorine,Schiller,Jamison.Haley77,6CmZlg_ljN8jxSU
Desmond,Rowe,Stephen.Romaguera,3_RRLjCCxykSnjO
Maritza,VonRueden,Vicenta95,5ek8c1dCYXXH3p0
Derick,Bayer,Cleora.Hoeger41,TrpaorriwuXrdkt
Alfreda,Ernser,Kitty42,mdKyYHp2XkpYnaV
Eileen,Bartell,Willie8,UsqdRXbJ6icYr7s
Delpha,Abernathy,Kayli3,wvM6yaXIwlM6qLM
Elsie,Kutch,Anissa.Parker,8ca1Hwpc2TvyjMN
Adolphus,Dare,Jack.Rutherford54,3mzmSxXuzRXoJQO
Lola,Schinner,Oceane90,im1GSQSViUAYHM0
Stone,Mertz,Darren_Dare,m99hyaWTUDK0OjP
Elmo,Goldner,Woodrow_Gutkowski86,jd0DaUXJSpZSHcT
Erwin,Cormier,Rhianna_Becker,50WRIkwB8jRLLlX
Isaac,Sporer,Caesar97,fV6aUCUtIiM6OZJ
Jamaal,Swaniawski,Ashtyn8,moB3CJFBVqpDol_
Brent,Prohaska,Kellie_Treutel,XrO0aI03SnAWoSy
Bennie,Okuneva,Mozelle_McGlynn50,UkPAaTMawVzszId
Dameon,Kessler,Watson.Treutel,bGygEIQhWWKWrer
Nathanial,Bradtke,Katarina_Grady16,R_UNApFizYEiDr0
Susanna,Block,Marion.Gusikowski,YmbDIloulRjFRzj
Quinn,Bernier,Kamren30,kwfN0kyfOli9Wp8
Eldora,Schulist,Clementina.Wehner,puSCqe381kZ9OMq
Cathrine,Lemke,Cedrick.Hodkiewicz,yshYzrmfWoh2IpA
Rafael,Toy,Logan22,brug0ySsCMYTAF0
Wanda,Abernathy,Rolando86,NfV2VYrqhW6XJyC
Marcus,Harris,Vicenta31,kDGRBJ7z_l8XzRS
Sandrine,Zulauf,Elvera96,19aQcoy7oiid7Jx
Rylan,Glover,Nicole13,aAx6NpGBLQKb3JQ
Soledad,Connelly,Ophelia.Grady,YTWM99NTjQWbiIR
Nova,Kilback,Ashley.Rosenbaum,kjqqVJfVK4BKXGu
Caitlyn,Johnston,Clement.Homenick,Dio2EguDrqLuc8U
Waldo,Daugherty,Rickey5,a4OJdilWX8UfFzv
Carmel,Klocko,Jasmin_Greenfelder95,uKthE7r2DM8FgC5
Gage,Grady,Reynold.Spencer,qIIICk8AWFjSbh5
Rick,Hamill,Diana.Roberts,DR1Sw3inReAU6o_
Sven,Pacocha,Robin.Strosin,g1x1LENBqJIW_Ij
Timmothy,Flatley,Kelley23,YoQV3cLjsLIaoZb
Madilyn,Dach,Floy.Predovic13,il4YhaLbsOiXZcj
Solon,Quigley,Julia.Hodkiewicz,t927LojSUsXdlqn
Nia,Schmitt,Guadalupe_Zulauf,lfACh5q1eNuW2P_
Damian,Rutherford,Bridget.Considine,IoLZFekPrHONuRT
Chanel,Dickens,Mariam.Durgan53,FPTVGiVOVvc8CE8
Josianne,Walter,Anabel1,gwuevPks7asOpvy
Winnifred,Feil,Katlynn84,8ktSxmW5H7cjZB7
Levi,Jenkins,Berniece.Goldner15,blyk9HGyig9ha7b
Dane,O'Kon,Randal29,E1uyaP5vD1_K2Aj
Alexandria,Davis,Alexzander.Murphy,a4jXh_r_0JKPSje
Rhea,Parker,Dannie.Tromp59,RqjUO8qMTwt183n
Hazle,Steuber,Jonathon_Stehr61,ymyEetQg6WlMuHx
Santino,Deckow,Robyn_Daniel,v4HaGMyqCY21OOR
Liam,DuBuque,Gilberto_Brekke45,QoqHqtlIcUtaVa2
Hobart,O'Reilly,Nathanael_Murray34,uOKaVHaciLrsqyG
Darion,Marquardt,Stevie_Kuhlman,2hwuDzQSjVsPDAH
Lavern,Carroll,Jamaal.Bins58,4NEN6GEXQQ_Hqz7
Bailee,Dicki,Brannon.Schaden82,hqnD_jblE2Dm3fj
Malika,Gulgowski,Frieda_Rau98,Sfgfw7YbAPtCTeE
Brian,Wiza,Lempi.Bogisich5,pJniMHsPmu0Fhaw
Missouri,Sauer,Estell19,oS5ZJDuTtrrxr_x
Layla,Jerde,Kristina.Roberts,hrheBp3LxDrsPCo
Celestine,Dicki,Rupert86,h7roQpfE3RPe_5o
Alden,Keebler,Elvera_Lindgren,GD09lU2gCXVOsN4
Nayeli,Simonis,Dedric_Tromp50,O33BhrXAUlb22Ji
Mark,Kemmer,Dayana_Flatley,iK5Qmgq6oFUfWhM
Dereck,Wilkinson,Emily.Barrows23,JeMqzaSsipcThSt
Triston,Moore,Lemuel_Christiansen,LR1ewPcPG2Ev6oq
Ciara,Jerde,Selmer98,yqJ41h6FWxjRGoh
Frederik,Langworth,Hulda_Kutch,b7m4POFcOdgqbta
Hillary,Zulauf,Rick.Dare,y8T38HDNYlPJxCs
Pedro,Larson,Lisette.Kiehn55,67w6EtAPuM2qmG2
Ilene,Grimes,Kenna33,uuc7RMbF1OsclFl
Zachary,Mante,Damion_Stamm,7ESJPU_yayacwBI
Arlie,Hilpert,Carleton47,R3uZ4qa2md_vJB6
Shyanne,Kuhic,Celia57,YBEOhTiC0c2TOkS
Ella,Volkman,Herman92,B4kMOLihYPPYZYW
Giuseppe,Bruen,Eveline.Treutel10,0KXvTJo8Ru1EJq8
Marcia,Bradtke,Shyann_Krajcik,dMKlSA7UgLqaP8O
Aletha,Braun,Pete.Krajcik,LvdSAVZV2HzWbiO
Ubaldo,Roberts,Garth85,wSILGtpzBQCpJHK
Delphine,Zieme,Hattie33,JPMTPIhGAERfYrL
Penelope,Hansen,Osbaldo.Hartmann67,h8_4BNEulHnCckC
Clint,Ferry,Nathaniel_Rowe,F3rHytNfVqHOLi2
Verner,Cronin,Elisa.Conroy10,M7_uUbhrT6EthDS
Meghan,Bernier,Emie17,6B4jqn8QEB6aZuU
Dina,Pouros,Deborah.Barton18,iCqOxOdxgH85ooX
Jazmin,Ziemann,Karley_Terry10,Y4nExU6T0QmMzTX
Casandra,Gaylord,Jimmie.Mann16,XEKFDLxWMMYmCd2
Rebeka,MacGyver,Reed_Lebsack2,fJw_69veBPy0E31
Shane,Okuneva,Ervin66,Ibpr2KvRc4PKPRC
Danial,Will,Selena43,POKJduJ1z47HKds
Mayra,Miller,Vesta_Kuhlman71,L8tngk8NZazTfd6
Walker,Dicki,Audie.Franecki,JchC2HXHpYWtyoR
Marguerite,McLaughlin,Madge_Flatley,aGCZCnhBQC1r23p
Jarrett,Batz,Kristopher_Hodkiewicz,8dAmnXBhD4jO6L5
Antonia,Tromp,Sheila.Dooley42,ynKAIAfDkUMNMu3
Richie,Greenfelder,Megane36,dm1g5pUi0yJNA7V
Ruben,Turcotte,Bulah.Zieme,CBqVx3wG2mt_7wR
Alexandria,Leffler,Coralie_Prohaska,L1gkeIVPj2NmDnH
Carlotta,Miller,Emelie_Quitzon99,lCiKZsaaVv2fpY0
Fermin,Walter,Twila_Lynch27,3YxlJjjFkTi4mOX
Selena,Kertzmann,Ryan93,9ljHbmWW8JVFhxn
Deborah,O'Connell,Benton.Grady38,rclrEvkuEan8c2a
Doug,Daugherty,Marianne_McDermott38,yGh0na2HWu2r8fl
Ora,O'Conner,Annamae_Sanford59,GuVRMcCm2LXLxBL
Beverly,Rolfson,Mikayla.Koss17,a4hfeu2ga7EJfQl
Mckenna,Mueller,Porter_Blanda,7gWNdxTn7Z75ap8
Serenity,Johnson,Lilliana58,VUbHP5mVlnnmaPp
Otto,Hilll,Jorge.Yost,PbqtrRs1RlBnT4j
Abigale,Mills,Hank_Hackett,6HqA4kukk8XjV_U
Kiara,Sipes,Glennie91,td_qEUBS5dD6elA
Josie,Wehner,Cortney45,0QH9IZAa5IzzKnj
Hank,Miller,Janet86,JOcUcTF1t6BK8IF
Malinda,Walter,Trace_Grimes71,JTUJvn4neLxfZ6m
Hermina,Hegmann,Christophe92,tGcCMXVb9V9ZIWR
Kyra,Mohr,Raleigh.Ruecker0,l208TEaAfU65fUX
Hunter,Turcotte,Bryon11,NHemccSo_h7c8QO
Rosemarie,Walsh,Hipolito25,iTzu66EtIL_b5Fw
Audreanne,Mayert,Demarcus.Spinka,JDmQcbkDWacm_cx
Alexa,Kling,Malinda45,t8JxyTidUuZgxMQ
Josie,Hilll,Alfreda.Leffler,bWWupLgpyhboI0r
Katelynn,Stracke,Aurore_Carter,RaayaNO4I6ldaYY
Willa,Will,Dominique18,M7S_h7nPyicfSus
Tremayne,Carter,Zackery4,NfpvcU90UkUAIcH
Wanda,Hessel,Neal.Larkin,igq2UoZCWLRGxiG
Angelita,Kuhlman,Hortense17,RpAzcwjN9oQ5Bte
Joesph,Kertzmann,Dell_Konopelski,GXS0clVx2BkhS2m
Annie,Swift,Makenzie.Schowalter,i_BScTdmR36rKh9
Lindsay,Labadie,Susana92,FKNyouLqylmRDn0
Elna,Funk,Brendan.Schinner,2GbhLMHoz1mcKSy
Ruben,Metz,Dale84,lkXPF7HS0kKcpNA
Annie,Walter,Jeffrey68,q4q95Ty4KzbLq7X
Pamela,Rempel,Rachelle_McGlynn44,ooQs5_lFJgsXF62
Caesar,Satterfield,Marilie.Raynor,lTOlg5SVy6rO3sN
Braulio,Schaden,Gladys.Reinger25,eiawdnan71mzCiG
Oren,Hickle,Jamir.Williamson59,hosupEV2W4CUwtm
Ashlynn,Schiller,Gunner.Muller,gflH8cKSzxCBOUN
Ila,Durgan,Robyn36,vNopc2sdxjhuvw8
Colt,MacGyver,Bernita.Hahn20,BUSyv3dsj17naHM
Everardo,Lemke,Idell.Wilkinson10,SSvelyj7nl6jWAq
Osbaldo,Oberbrunner,Ebony.Lesch81,ddL2Vh4y2u_c9GV
Sadie,Gerhold,Patsy.Auer54,UONssYHUE3kF0o6
Jaiden,Daniel,Elody.Blanda47,8KN0sDK_rvobwxI
Rowland,Ankunding,Emie0,WFCtAw5UZ8hLj5R
Cleveland,Beier,Mac43,LaXmOZ5BfG7ioQX
Kyleigh,Littel,Issac49,OsBDV7ItEYNVHWs
Charles,Russel,Victoria.Rempel32,OorWqnNDPeA9Upc
Shania,Howell,Karson_Crooks74,dB2ZHOHXstq41_L
Alana,Blanda,Modesta.Terry91,VmvCzsLzN0RQaVd
Darian,Durgan,Oswaldo_Yost56,tDkUUBi7YvYuVID
Cynthia,Halvorson,Yessenia58,O7KDZQ3mXUs_q2R
Paxton,Franecki,Anastacio_Lind,K4rXXhhZuQE5cHm
Jamarcus,Daugherty,Jameson.Collier,OmTkUzFkXEYMpS9
Allison,Connelly,Emiliano53,fK553XT54ROOaUY
Theodore,Mraz,Leann.Kautzer,qQjGy9bKPA4MX4u
Elizabeth,Kunde,Halie41,LIzokqhhbHSgn3X
Jovanny,Nitzsche,Angelo.Mraz35,tYt7s2AZnUSn5tF
Althea,Nader,Jacques.Bins,1rMdV9_xu0VRx4W
Michel,Friesen,Carlie_Heidenreich,QaI95k8RbZa2tDr
Dee,Heathcote,Henri.Barrows,1n73ML1M1Khddfz
Reilly,Stark,Morton.Schamberger,NABbK7UWreOvYZC
Karelle,D'Amore,Grace11,kgzhgefvVAUGRJf
Ali,Altenwerth,Eino.Ledner,S3OucmbD0Q7NElo
Retha,Ruecker,Jena.Schmitt16,A9gjU_lfPNTBm0Y
Corene,Turner,Jeff_Cummerata,ntnnhsQx6VLFWC4
Katelin,Okuneva,Sid_Lowe12,ofu_vXJa4DY8b9T
Gregg,Bogan,Alanis42,46uURfpmTa4B7kG
Carson,O'Conner,Zachery_Ward95,lZkOfnNC1yiamoT
Cordia,Hilpert,Armando.Smitham,Ygm_02NMMKH4K4r
Braeden,Marks,Davin.Auer69,cOS7srJWIAtunnU
Briana,Bernier,Odessa57,wu1vTWg2_lE2AZi
Eusebio,Paucek,Viola.Bayer,Noksfe1TR2ch9qF
Leatha,Wilkinson,Keyshawn96,uTz1DBFF2dpVSQw
Hobart,Vandervort,Reba_Crist,eeReqyGcuoSflJB
Jamel,Funk,Lori32,GeXUaiNGzTWH86f
Augustine,Cronin,Dakota79,nbhaZdbZ59GYvGo
Frieda,Champlin,Alverta.Gorczany,4NyaHk8YqWTflt7
Lonny,Hane,Diego_Koss18,bzdh918kSxtaRgx
Shanelle,Bradtke,Valerie.Prohaska,EP8GEzUpX8emNxn
Roslyn,Feeney,Tristian_White31,djngYQyZ9jyfuBO
Enoch,Larson,Ashlynn85,ZMkqHdxhi9T8ZEr
Cheyenne,McLaughlin,Alverta.Hand35,rRWSDnWdhOUNDdb
Katlynn,Hansen,Al_Welch58,Lb1IKO9isxXbVwE
Eldon,Cormier,Wallace.Jaskolski,ZsXpHtxoCHXK7Og
Josue,Hagenes,Malvina_Rau84,bOrUP1cuMTBE0oq
Linwood,Rowe,Porter80,LSM2RbReS3WCMUF
Roslyn,Feil,Tremayne_Kuhlman63,B85xvodHIf5sKKp
Jordon,Weissnat,Lula_Abbott,cRbPrZGsbYh_L7f
Dock,Stark,Dejuan6,Sj7h6JLFRKGNTYM
Johathan,Quigley,Brionna_Gottlieb58,GHbY2FRCdEpLHKF
Hollis,Runolfsson,Ardith75,gM1CMlquW9KDNte
Pasquale,Jast,Mercedes.Zieme,ow_bSH28HwqgtX1
Lola,Swaniawski,Mekhi_Grant59,y1JuO0oACzcVOYZ
Leonie,Hagenes,Jonathon.Pollich,WZYmmAntEIdPyZk
Niko,Donnelly,Patricia.Turner40,J_2xtweemGnI_oK
Jennings,Marks,Gus.Von,s86DKYyjUzQTeNk
Brooke,Daniel,Cleo82,xrIlK8W1j5u8KdC
Terence,Dickens,Reed.Beahan81,Kwv5xIt60d0vzUB
Constantin,Botsford,Joey_Hirthe26,PNmZAc4XEJH2a3z
Irving,Leannon,Sterling.MacGyver51,F9rg68FLbslaMDZ
Lorena,Kuhic,Herminio_Ratke,hi6EFwAh6EpwtoK
Toney,Paucek,Vito_Feeney22,ZucfAM6T7sPWmMr
Willow,Jakubowski,Gia52,hNLuLgctd1g4klt
Magdalen,Wiegand,Dean86,9mNRPvGngKOt225
Genoveva,Senger,Brielle.Conroy,6DYjYZvzUjxn4px
Stephania,Rau,Katelin.Cole,CuwLJz9JkvQptNh
Hans,Kessler,Axel_Senger75,_cuI23Pz_3Ph28_
Vaughn,Pollich,Elise.Konopelski,V6mPrYMMHV5KjPN
Josefina,Torp,German.Brekke48,euSFSiOjmu22qq_
Daisha,Little,Geraldine_Steuber54,MeSBoltorS5uHV2
Charity,Mertz,Meaghan_Greenfelder46,gIALp0qu8J3zPII
Carolyn,Ryan,Rahsaan89,9DFgYPjq_hw7kqR
Brianne,Quigley,Israel.Bartoletti,CxtGd9dR46_aqZZ
Mariano,Littel,Alicia.Ledner25,lHm8zI5APzQfu4s
Elvis,Botsford,Patsy52,3wW8DhntRF2fEmc
Elouise,Kihn,Kaci40,9_lJxa_XFLgyw_6
Carmine,Howell,Stefanie_Flatley19,vDM4tqVplP4uc3z
Freeda,Dibbert,Sigmund35,1G8SpxKdonjNgZg
Chesley,Balistreri,Desiree9,mNsIX2PTzg7X0fd
Brown,Murray,Haskell_Hilll79,EYOBeCmuDOC41GS
Beatrice,Weissnat,Estella60,8Wpg6SoH_mauv1h
Robb,Reynolds,Maximus.Gerlach11,Njs_ChxpTVisxR5
Diamond,Reynolds,Suzanne.Bashirian,sfA11rZRCJLXSzZ
Ward,Wyman,Greyson90,wVDJ3QTF2y3zBU1
Janice,Kutch,Zechariah_Hessel,7yT4qatbMcO9as4
Shaina,Schultz,Easton50,wISsT0zaNrCE0PG
Alden,Treutel,Hugh_White46,EkzuseWadWna5lt
Maybell,Grimes,Clifton.Smitham,r4gfj8lPd23DmwB
Cody,Kiehn,Catharine.Leffler2,gYCw9gV3R4ArJVY
Haylie,Jaskolski,Lizzie_Nolan,J9AbBpZB7npUzLR
Arch,Green,Chaz_Osinski,B8NOow51GRQcJi2
Abby,Kohler,August.Buckridge68,D7K9OsozIkzrp3v
Eden,Bauch,Stevie_Koelpin,zHCTaJEHxQoFjAN
Anthony,Zemlak,Marianna80,7QOW7_6p2of0lPC
Mathilde,Konopelski,Orie_Boehm2,2AiqwQV6O_0yv0H
Lisa,Fritsch,Aliza84,LHhPw6gdEHeliIh
Nicole,Reilly,Hubert_McClure57,kWRWzUIXJfHxabb
Kailee,Hintz,Roxane82,d73R7ILqO1Bo6nW
Aaliyah,Waters,Golden90,WQ0q1DrKIpcku9b
Duncan,O'Connell,Maximilian19,Z1SPGTaOq_43bLo
Eryn,Gutmann,Jake_Gutkowski,mCvVI5wYLR6quAM
Einar,Reynolds,Piper_Schmeler,WpFpUzilqw0RWgw
Madison,Marquardt,Rod.Kub98,3cAQhIVIEjC7B0X
Aliya,Wisozk,Wilma58,0aZbtAGuWD6nUTy
Kory,Kuhn,Candice_Mraz30,T4jQd95pM0oToXe
Antonetta,Hessel,Mertie_Moen83,7iGHPmn9RVyx6nF
Jedidiah,Kertzmann,Scotty.Powlowski,BaED7fnEDDXdlA2
Maia,King,Henriette_Armstrong44,cnqzvQ6fmbkHdMO
Neal,Macejkovic,Zack.Koelpin96,5NhX6FTtFbAN5tb
Brook,Wolf,Josefina_Greenfelder,YR_M9SCRA0ogSiG
Merle,Gottlieb,Louie66,4wtv_BY7UNlOwWf
Jadyn,Strosin,Zackery_Mann,elAWMRFpav0bI6D
Brenna,Tremblay,Gayle24,uLxUbbn4DR1NVMj
Anastacio,Dickens,Samantha.Howe53,HCT9_K3NAgSMrTj
Ophelia,Powlowski,Mona.Beatty7,zgOt7z5DfFayuRJ
Shaina,Hessel,Martine97,Tu4oJ3ObjG5OTUF
Katheryn,Schuster,Julianne.Klocko61,HGIcwk_fgFNDCBS
Ara,Turner,Sally.Fadel9,_pWx8MrnTkQCWmT
Abel,Blanda,Dixie_Zieme81,rcK5gLjjit6Kml4
Marlen,Frami,Filomena.Lockman,cW_puPe1j9WaPJ1
Virginie,Weimann,Rocio_Quitzon,xsYlYtDzJCEzwRC
Sydney,Rippin,Morgan.Mohr39,qpeXCbjJ0jahXKk
Jevon,Hilll,Clay_Yundt24,k3_ykAv4CiBkssS
Chasity,Wisozk,Wendy_McCullough,m_4_hBlh63qVrxe
Josephine,Bogisich,Amaya37,bPFjKlDc4fgZlNA
Halle,Daniel,Alek10,LjnfNEgmjGtKjRq
Cheyenne,Greenholt,Camren.Rolfson28,LMGxTsY99nFx6_J
Jamaal,Conroy,Christ.Fadel,ktlFZrDqh5hXItC
Dylan,Crist,Angel_Hammes22,EAaLuqIzwIbPqc0
Ivory,Jakubowski,Dimitri_Cronin40,mlT7Kn_fUgBXSBZ
Esther,Mante,Josiane.Medhurst34,6zvn6PeDUS4iSmn
Cortney,Kilback,Ricardo.Jerde86,l9NvFtHxXLe5j6z
Jaylen,Torphy,Catalina.Torphy54,3qjC3pxlUgoQYJW
Lynn,Bogisich,Alisa.Quigley,pf9XMEoIEPEKwOx
Trevor,Little,Hugh33,0I1VfrbcwLd0l5s
Hildegard,Leffler,Alanis34,IwTpHvLFdU93bJ5
Jade,Collier,Myles61,4SMcyEcnxxn3Frk
Dewitt,Stark,Wilhelmine98,g_k7tkebnxZs7gH
Keenan,Kirlin,Keyon_Kuvalis,jqir97YRnD8l10n
Ricky,Wunsch,Omari99,RZdVD8jAMYL9e50
Thelma,Stroman,Bernie.Dooley,JMRNKXqMQk8rVFx
Triston,Glover,Nicklaus.Wisozk14,6RqqjI25S2jfy_q
Audie,Gerlach,Sydnee7,WkD249selRIqwNm
Hans,Hessel,Aiden97,l8zUYL18oZT9nCp
Anthony,Wisoky,Adah_Walsh36,f5xCZH_PFXrLjau
Isaac,Halvorson,Kylie.Herman59,7MHuRNRmRXKUBc7
Americo,Doyle,Henry.Spencer96,gRZsme_nrYvftiB
Rachel,Mitchell,Jamarcus62,BLvjMbSeo8CdbcU
Ron,Bernier,Eudora.Orn,5NIoNfxAmKahmuU
Kimberly,Marvin,Marcos67,2Cw_LOSzr7t0T0P
Alvina,Russel,Karina.Kirlin,Xyu2gECYR2wGCBj
Cordie,Ankunding,Lance.Bahringer,5vmczFTmT0zEXWj
Kavon,Keebler,Donnell.Hahn,bz90OtwsNskDXYe
Brice,Hahn,Osborne_King,ShhH2Fl6REik2UV
Dario,Swaniawski,Stone25,KQ1baECYXw4hVLk
Devan,Murazik,Ken46,sl1R98bRWU55vsB
Martine,Schamberger,Ariel28,YypqPnB_eNJ5giM
Claudie,Kiehn,Krystina.Howe4,Qw_oBmALjItQOFg
Nicola,Kertzmann,Elbert75,QEsucM7thwIb5LC
Muhammad,Roob,Yasmin_Erdman70,xZc1zTHg5proa1z
Jena,Russel,Shirley81,fe5w8op7HNdpmky
Lamont,Raynor,Dax_Stiedemann13,gkkon6KaYZI1E6J
Timmy,Wolff,Ettie52,xpn7tK6uFCX2ynO
Myrtice,Macejkovic,Claudie_Pacocha,7hwYHRx2mBkhfDB
Jayda,Walker,Simone0,wFmlGkvM6DHC1ws
Delphia,Huels,Matt89,SHDyb7KKsFJO1oI
Kevon,Gaylord,Emanuel2,tXGznoq3FcVJlj0
Carole,Feil,Rosella_Collier42,FezYE27Tlc2hOJO
Lolita,Brakus,Keith12,sJZ9PVcfE6XHsW8
Carmela,Feeney,Edgar71,Cshaebt9ZR8voyI
Bernie,Friesen,Melba_Dare,gRPmuylcjSN4yTO
Ebony,Goyette,Johnny.Robel51,XLf0OOgnU80LZ7o
Alexanne,Hagenes,Aaliyah_Larson74,aXKp_u0zeALB1ot
Riley,Ullrich,Alberto_Schaden5,SBzmVFhbUykYAqb
Electa,Swift,Rebeca.Green39,dcHyyCL7PSy8z60
Boris,Will,Hellen.Hoeger18,9WplPxdK61ldYGH
Nikolas,Kuhlman,Loy_Block,JwGTNKi0Uu92PVC
Drake,Auer,Vince62,bmFxY1FMAnS2xMS
Nadia,Sipes,Walton7,KhAexuW_b7JyC5x
Nathen,Howe,Catalina.Anderson,znzYQ_0Y5MgILKQ
Micaela,Koch,River_Cormier14,SZU0hwcAUFOM58T
Alexandrine,Bechtelar,Anderson.Douglas,_4GAUxpbma_g36I
Lewis,Sanford,Darien43,F4m_XqRAsbs9IWR
Cesar,Yost,Asha60,L5oZltZCTWUvGQh
Andy,Gutkowski,Liza.Osinski,Zz_M1UXKnUhhvoU
Declan,Bahringer,Raven82,YXkawtuWwPUWuhR
Aubrey,Collier,Nannie_Kassulke,D0lNIhPFFQKn_OR
Wendy,Romaguera,Alia91,F9BPQIoYIbNUITX
Ewell,Sawayn,Bettye.Walsh84,FvtpEKhTBmd5NjN
Roslyn,Kuphal,Angelina0,PgmEJSwi5SS9GHv
Maritza,Durgan,Jazmyn.Howe,S0aa9G9oLhzRt2W
Junior,Metz,Casey.Goldner23,xYIcnNkQ1kRsQbM
Russ,Morissette,Kira30,EquadCXL_gE8B4L
Arno,Abshire,Jeramy.Mosciski,rQXtzqrr2PlJJGH
Jonas,Dooley,Rosanna.Okuneva93,Np8s5vrs4f7AULX
Alena,Beier,Adele_Windler,uSVQuc8HpgKt2Tk
Nolan,Rodriguez,Torrey_Barrows,aiTyeVYBXA4Bnvd
Jarrell,Bechtelar,Oran69,aBaozvFxSd7oZn_
Reuben,Hirthe,Katrine_Simonis11,9W3Se8OBjO00kcg
Ike,Shields,Lew95,YmeSQDq7y2GqyPB
Ransom,McClure,Eldridge_Welch,5GdC_Y3lMQKXICX
Camylle,Zboncak,Ruthe.Ortiz0,5ETDInP2rSAZQBj
Jerad,Tromp,Elbert71,XNFWegELTJyJvhB
Leonor,King,Danyka.Boehm54,9W6Yc6af0JYSgKy
Mike,Koch,Connie34,H0U3dzTeXVMHeyh
Lee,Ullrich,Krystel.Welch,LIlN6lZBZqVbAVX
Timmothy,DuBuque,Maci97,aHphboEDflKnzhM
Ivory,Langosh,Virgil_Donnelly,JfhqRAX3bu_Kuyr
Armani,Mayer,Zachary60,OspgfjNUzWzqTNW
Chloe,Orn,Cydney89,WUAbzDlkJCWkmdO
Clifton,Renner,Mae54,0Ofocty0YN3ruVv
Lucy,Feest,Jacklyn41,zQIwrzQWvAGoN4D
Elna,Bergnaum,Eleonore_Wunsch,X0Nzfv0DUyVLwlM
Otho,Douglas,Minerva76,MBCH13nIoErpQRR
Paris,Rolfson,Blaze74,AuJEmkkG8ZI6GdN
Morton,Simonis,Vance.DAmore,eSvkLp32uugoxO9
Evan,Corkery,Roscoe_Thompson,NruYCE2XOp51T2D
Isadore,Sipes,Lukas38,0qY54BCNAQPLrHq
Kyleigh,Torp,Cruz_Swaniawski,hcExoRwhbM3n2hM
Kathleen,Becker,Rey52,76yRL3j2BpcCLpF
Amanda,Sporer,Natalie.OKon80,qKSrKQ0ObgZvPOE
Merle,Satterfield,Lorine.Bartoletti5,8Q8zMTGKyDaB19z
Gus,Rutherford,Lilly_Fadel71,SlDRNFQzxaQUdv8
Juliet,Mertz,Taylor.Farrell62,fDxdveTSRY74qjy
Hermina,Hand,Ulices85,c4G4mXcWjPEAkge
Ashleigh,Gusikowski,Sabina_Kilback,wfWwR00h4sQ18Mw
Isaiah,Crona,Louvenia.Tromp,J10lk6jkzNsAbA4
Clifford,Hauck,Beatrice_Stanton,hIJ6SBCbXMqmKJY
Chanel,MacGyver,Antonia75,MoQyZA0yA41vFVW
Tod,Bogan,Jessy36,sc4ORItsgPANjIP
Bessie,Aufderhar,Kallie_Franecki,av1mqb0uSvlCN4p
Aric,Rippin,Retta.Mante87,uhteUTFpPpovXaN
Isobel,Beatty,Cayla22,y73ZZ3XRb8VtHxV
Kristin,Wisoky,Jamir_Rolfson32,OVhXvS_xHWsHgj1
Heidi,Beatty,Jermain29,pF17KvtCLXD2zt2
Maya,Johnston,Jamey_Hansen,Yr8zSKdU99JaAEU
Zola,McLaughlin,Shana_Senger41,BjcDVBQRZKzJLjX
Roel,Wolf,Malcolm_Quigley97,5si4WCFf_qC3wSy
Amaya,Lueilwitz,Dashawn94,smO4ZbrL_gU02fR
Verona,Leannon,Jason95,e6wnGh2SUm2ZIMB
Mohammed,Murazik,Giovanny5,_1whmK80G4JsW9F
Veronica,Berge,Maegan.Lind,O93La69rTZNNpPC
Korey,Beer,Torey_Schaefer,enDUpqkjcdkTv1H
Earline,Shanahan,Eduardo78,bFFyFaO3rAlXdxi
Astrid,Mayert,Brisa94,yrPlbwZCSEk2ZKg
Layne,Lind,Mandy.Jenkins36,0MOY5LK1z6VE6u2
Gilda,Hudson,Modesta_Jast,E2Ax21B9RlIAxHy
Jermain,Bins,Delta4,gb6HsB4vDMKHnXq
Brenna,Kunde,Corine.Morissette,fJ23FOiiRqLUMCM
Benny,Davis,Freda.Moore81,EgA0Cb7J1ZDyXbJ
Cortney,Hauck,Amaya.Huel50,0z0xKBwYJOEX0_9
Thora,Gutkowski,Moriah96,WigrW7XljnLdFKw
Juliana,Durgan,Arturo_Mante,3GEDXsodZZnp20o
Deonte,Ondricka,Remington.Boyle,Doc1gz9Zompj3DX
Baby,Reichel,Rosalinda_Jerde46,BbD4ydJc5A9lWGu
Leonor,Klocko,Leilani_Bartoletti38,VBtG4dlam6XOpwa
Bill,Langosh,Angela67,ez5bO6xMeqaARR3
Carson,Hickle,Jack.Wisoky,FeEchMnkjXTi0J2
Ellsworth,Corkery,Nicklaus6,E7K5QzsPJ2iz1f8
Eduardo,Hermiston,Gaston64,VxgI1nmTzKWLBV3
Shanny,Flatley,Theo_Schaefer,CPZa1pGRCMm5W7N
Misty,Rutherford,Bella_Labadie61,FgaG_rbia_s7fnV
Karine,Bauch,Lyda65,AaAfQcoTY1HEPvA
Keaton,Brekke,Horace.Auer,TlCIWUFn9rr5QDb
Bonnie,Schmitt,Joanny.Pfannerstill,uJzweHmHLyEufWY
Hope,Dach,Clarissa_Feeney,JPZ0IATcGDPZQ8Z
Afton,Jakubowski,Justen10,XlxdTpQHj0lDWXm
Blaise,Klein,Rosa_Schroeder,BaBYsOV37VhVEmJ
Anna,Feeney,Romaine8,1gr1wvzbZLbcNVj
Erika,Kautzer,Abby_Wiza87,15rvyu16B0fNg00
Allie,Feest,Tyrique9,gNcIKXYvxTYf0yW
Stella,Stroman,Kristofer_Powlowski,MfhCBEGrQKWOjML
Alexandre,Lemke,Ruben.Oberbrunner75,IywQday1H02bwyh
Immanuel,Pagac,Eddie_Boyle,4aqtKLFM710ihta
Grayce,Marquardt,Waldo9,OxceSyckIVH5B8p
Brennon,Monahan,Lincoln.Kuvalis65,Q32J1o3HS68M2e4
Alison,Jones,Anderson_Rutherford,p5eeHS_pSo1bCwj
Oceane,Kunde,Adah77,rbD7bmiQ782d_pr
Cordelia,Lynch,Eve47,yC2rYAV6kUdD_Rd
Manuel,Bauch,Lillian50,qDz88aitlZurnrf
Webster,Greenholt,Nathaniel41,IqOqJJQvkKg2pp1
Bert,McClure,Kevin.Volkman3,Gu82s9aa7PaccLH
Vernon,Kemmer,Gertrude.Anderson,RMLoiZbFcXM092x
Lea,Emard,Bret.Haag16,4gG3U1p5WXauQJj
Willa,Koepp,Helene.Carroll,mTyPo6_prAKyJeV
Tillman,Gutkowski,Florian_Batz,b48CpDmxumaqzG1
Nayeli,Willms,Leda_Murazik,r3C5OwSWHiYlFFq
Caesar,Emmerich,Jackie.Leffler,jc0xRJKloFXX8gq
Jarod,Auer,Jay30,DzMBpKICSLe0EWC
Rosanna,Kovacek,Kennith_Marquardt,QaGqOqamyYx6IoW
Julianne,Homenick,Palma.Casper,qGn0XI3vKcVe_DE
Sim,Kunde,Mayra.McDermott,uDMWc9BKNhWRzf1
Lolita,Auer,Krista51,inVPgEp86PZzEWa
Ezra,Bechtelar,Alisha_Kovacek26,kCZ9jjY6GpNVAaX
Darion,Considine,Kian_Goldner10,NqkkFaX9depo2Xu
Rosalind,Stamm,Kaycee_Hyatt,JuHX1NJiazKa6L1
Katharina,Schamberger,Kale.Rodriguez,QuyX8ERfoeXtOkp
Rhea,Schowalter,Sydnie71,M5v7HkvtstTKk9E
Rudy,Champlin,Leslie.Rice,zKJCXFzZoc5desh
Mohamed,Bosco,Elyse_Altenwerth61,eY8i0Bw0DwQBMW6
Delia,Hickle,Dannie_Macejkovic,mYr8YMGduUhbzYZ
Jess,Collins,Letitia_Trantow37,6tIeiRBRR1Xlu0D
Montana,Glover,Piper.Sporer63,zAh40YBmrfgS_gn
Stacey,Grimes,Nigel.Bartoletti,h_JnfUlEuGjanh7
Jude,Jakubowski,Royal28,dRtEnYz2zr9wz7M
Juanita,Schneider,Marshall0,Tyy_wLdnrLCZcMk
Adelia,Runte,Jodie60,JZrm0LibCvj9kl5
Marlee,Hegmann,Khalid84,xkElKPe8xK19kgO
Abelardo,Herzog,Archibald.Feeney46,Gq7JX3WxfBPYBgc
Jadyn,Bednar,Alexandra.Graham36,zqBnM21CNiD4yVN
Ronny,Nienow,Sadie53,VdpDFs8XLX2Rqd9
Zachary,Orn,Filomena_Block59,HbZBlX6u9eAr0r7
Enoch,Connelly,Elvis.McKenzie39,NW_Mtp36gJ9DwBZ
Sally,Witting,Alta_Ferry,qpc0u33gqeZjyt3
Lucious,Mayert,Jules_Walker,I222Hf31VEH2vKa
Rhett,Oberbrunner,Kory_Langosh,7MNVvrOVHmxVMkn
Nikko,Ratke,Tristin_Sauer66,CD4O52kvE_bx3EX
Evert,Block,Lacy_Mohr,dg_BpKoPxlOg5hS
Wendy,Medhurst,Jamar91,qjTND1XeIRTTLYG
Nestor,Pollich,Jalon_Prohaska,UbD4z_b7XCvh9zp
Burley,Bauch,Sanford.Bruen,mDop3UAPOcBTv2T
Sylvia,Koelpin,Ethan_Bechtelar65,x5zbCHiHkzsglh9
Theodora,Upton,Brooks_Bergnaum,6yE3UrcQfuP3vcW
Antonietta,Bahringer,Kristina11,7IprkXSTSsxskTp
Garland,Mertz,Marianne_Ward14,0yW4zLxe5Kd28Tr
Boris,Parisian,Queen34,u2dmrcMYP8iyl9k
Albina,Okuneva,Maurine59,SGHU5oRtfnB3kPY
Blair,Schowalter,Bernice.Baumbach,G5HzCGhzPEHyFX2
Diamond,Hilll,Horace10,i6GcBHFIK9mf5Xz
Ephraim,O'Kon,Charlie71,9sJZC0tOiTmioti
Dimitri,Armstrong,Cali81,qajweQP1LP_JW4p
Mossie,West,Christine75,P8urCjgs9OhUufA
Christiana,Goyette,Kariane36,vABS5DrouUz7oPn
Marianna,Kreiger,Bertrand.Sanford,rZOVnbBqJVS0K30
Carmen,Lockman,Lizeth_Dach34,Ig75Fkb3hZa8IzV
Marilie,Mann,Sebastian34,1hP_29hR4pb0ZmK
Jordane,Bartell,Gina28,l0aqmnHNUhlKTSc
Jordy,Streich,Rosemarie_Stroman,DjBEO__eKoNIpE7
Fern,Purdy,Nathan_McKenzie,Gk2isCzvY_Hlvg3
Brady,Cummings,Minerva_Morar,RFqYGH13KZVMu6H
Madelynn,Cole,Oswald.Kuhic,mmdrRy3_awWUANz
Trystan,Hayes,Diana49,Uz41v2zq5hSoAZK
Jonas,Nader,Herta_Marquardt80,xc_h4zpBjgoDzU_
Helene,Okuneva,Paxton_Gerhold,Ndk_qO_smyvhQo_
Lonnie,Jaskolski,Lon_Langworth91,N9klhzuluFlYY3u
Bettye,Bauch,Zula_Schmidt,cYA84C54ERveBtk
Patrick,Waters,Nicolas.Tillman,b3bJVtVNagWUF4x
Dana,Stroman,Eino27,ZfQUewCbGALu0Pg
Eugene,Larson,Odie_Gleichner11,XtWyb37E0MxbKLA
Brannon,Hane,Else_Bayer66,uXBoJpgLraEc6qv
Felipa,Kihn,Jacey_Schmidt,0ssntcAx7FVB2xa
Pascale,Metz,Eula.Bernier,KXaH1dGW3qbHGsf
Mable,Yundt,Mireille.Wisozk44,DJVsz372MrlD_UJ
Candice,Fay,Gia23,Wa06DUhbZQlzZmc
Dante,Zulauf,Liana_Schowalter75,jf6Zps6xHow__gy
Dorothea,Hauck,Crystal85,nrk7MhVsZgyWI6k
Rachel,Fritsch,Gaetano_Kessler45,wWH2of8IhqrdYnA
River,West,Morris92,dpp7OJtYCMzfePZ
Zella,Altenwerth,Marcellus92,i_cVYHqwCBxfkMb
Harmony,Klocko,Dexter67,mpY8xRaHrL8EkTC
Laurianne,Heidenreich,Marion82,wSVw6SDug4zbpo4
Lorenza,Kovacek,Zita22,49NzO62WXCaBLZ0
Ned,Boyle,Claire17,x4MqFNiTvE6iA82
Shayne,Doyle,Rita_Barton12,sTdes7xjGOTbw3T
Dale,Collier,Augustus.Hauck74,Eg7KkTERUEn9OzV
Diamond,Larkin,Judd.Mosciski,QpeE9PMIVqbu1Un
Annalise,Langworth,Kareem_Wuckert93,Y6aonE9J6f2KmQP
Yesenia,Feil,Emerald23,aRFfnge3n_1xpRx
Lacy,Gibson,Enoch80,4PYuy_IgfGWv04m
Frederique,Hartmann,Freeman_Koelpin94,xvbOk1DTtS52cDv
Benton,Homenick,Javon_Heidenreich12,Bd4_YG7257LndbW
Chaya,Bartell,Murphy_Green18,0IoXkVoee3udEjT
Noble,Dickens,Reyes14,gBSAKsWghhB4fgu
Eda,Gulgowski,Myrtie_Watsica,Xa1PABZW7qvbsKF
Germaine,Adams,Kailee3,Kcqi44eJiWXaJuY
Lonnie,D'Amore,Lyric.Rice,5b_zeA0XuCoIZII
Lorine,Luettgen,Kaitlyn.Predovic6,ouzy9_TU9_UBw0G
Garrick,Doyle,Wendell.Cormier51,ac04TUKpzrIXyT9
Riley,Russel,Caleb_Gutmann93,wLXGKWRv9vALrfo
Ashlee,Vandervort,Kailey64,AE6C_m8bPxYm4T0
Andy,Berge,Malcolm9,Ai4FQBQMs1Hfx5D
Ola,Connelly,Helene5,xWVI3ItaqlVHEss
Elta,Deckow,Abe_Abbott75,X977s0jmME5mpm5
Joany,Stoltenberg,Abe.OReilly,nZ1A7lO55wS1xsL
Ova,Bahringer,Blake8,1TY7Ms2BHQHYkxf
Abby,Beer,Dessie.Crist20,fuMg3eF93c5EDbn
Crawford,Ward,Santiago.Quigley,RnsopNDLc1vGyqC
Keenan,Olson,Rhoda84,1FGWxywzDUQwlkB
Chloe,Erdman,Pansy58,VUGtB4l8wt37g5k
Dolores,Nolan,Reuben4,yq64wYmMfwPgdUf
Bulah,Morissette,Adonis.Murazik48,qs2Vq36DSVTz9Cv
Desiree,Runolfsdottir,Meghan51,RkUAusA2M3oGzOH
Janis,Glover,Devyn_Leffler97,RULpasRzmOotuUe
Madyson,Mosciski,Imani.Bauch,JMpmPTejZ5H5xv9
Anabelle,Cassin,Laurine_Barrows,NMBROTjjU5MPy0A
Tyrell,Gerhold,Alisa_Boehm,bqBMZaGMRhwLUAT
Kip,Beer,Eve48,t9vrWTG0bLO5y6w
Prince,Zemlak,Antonietta.Kerluke,EdekSktBlOOzkWp
Brenda,Wunsch,Talia.Macejkovic,661B64NnAu9mA01
Jazmyne,Waters,Friedrich_Wuckert,Ns7nwoXi1cWln2o
Destany,Huels,Keshawn1,n4fvhmHcoDvAFSK
Kristian,McCullough,Valerie_Kshlerin61,iZdZolu4yb3wh6n
Reynold,Spinka,Howard92,vXAyr66UOkULluO
Kathryne,Altenwerth,Tod23,7gxFtAsUSSwu8rH
Dell,Bradtke,Marjolaine87,qVdEotXiUk25fze
Violette,Kuhic,Gerson_Zieme,GspK8M7hyLcZBQI
Gabrielle,Kling,Bo.Stracke,7BqiH0w7NTqPA53
Makayla,Christiansen,Breana.Dare89,wbSayZAuYjQp_Gt
Cheyenne,Schumm,Barbara.Emard,fn0aeq9e6j33prp
Domenico,Reinger,Nelda70,PWuokLnwMtGaXpS
Roselyn,Mertz,Lonzo_Fahey60,ts3gFe9NUvvDkPy
Jimmy,Pfeffer,Simeon82,En_G_4ZuY6G_3Ou
Madeline,Powlowski,Owen_Labadie,fxal5LuK2H5MxK5
Christ,Hudson,Dane_Crist,JHaj5fx9fFXGLYb
Fermin,Murphy,Clifford88,PjeI_agMsOe2RnM
Doug,Hoeger,Claudie.Tillman,0BNgX0ZLu6qJDYv
Imelda,Hane,Kim.West,u5sCd9pBFQ3mU5Y
Lewis,Feest,Cassidy_Klein,UWES0PeZNAsUugR
Alicia,Kessler,General61,IMnyLUx8Q9oxDwq
Citlalli,Wisoky,Pink_Heidenreich90,npdYS3wCndlQHBA
Niko,Metz,Kurtis.Kohler22,sR1edGwZXc5qZFJ
Rhianna,Jakubowski,Keenan_Lakin,Rkb55hNam7nAc5q
Garnet,Price,Jake.Dickens9,P8Ixyp6TmZGVhoK
Dwight,Walsh,Nicholas20,fmspC4KvDlm035e
Christa,Pacocha,Kaci_Conn,nYrbdTJcztmCmj4
Rose,Graham,Kamron.Hayes64,tLNb3at8fqpsfAT
Mittie,Kovacek,Dallin_Botsford,GbqYOhCekeClc7p
Jewel,Legros,Tyrell.Powlowski,Gbpx6ROPVvisRcT
Kobe,Carter,Emil27,vQdh_hD_MiGq5dp
Odie,Hessel,Jadon_Watsica75,IukOBH9ch4JL0Qi
Clinton,DuBuque,Rosemary17,71hlGC6aIirLdxA
Kristofer,Dooley,Reed_Kreiger59,2ePs_C8MP7DChMc
Brielle,Watsica,Berta_Ratke,omI1urqUTpesOOA
Chelsey,Waters,Friedrich_Tillman,IREE65KuUEujAOi
Peggie,Effertz,Electa_Franecki81,9hvo_lmSHM7I6Vx
Mozelle,White,Daisy.Fay,eI_yG6JkgC9rPrQ
Darryl,Nicolas,Noemy10,TBEcszzxKynNj7S
Krystina,Schroeder,Estel32,nATtfkJ6pfK0Lfl
Zachary,Prohaska,Carli.Rath50,LtaglY_8_ACFl7w
Elisa,Koepp,Berenice_Sauer,2pEFZ0KlWYygrgq
Barry,Flatley,Melody96,fc6wjebTm28mQ0Z
Tyler,Ernser,Clemens34,leo6rpyBWgZ0Af2
Rhett,Dooley,Jacky_Mills59,FUBEPDXhhF9aPxO
Brown,Beatty,Jamison_Schimmel,e796cQTM1Mg_yU5
Nelson,Lind,Kaela12,d84PcUPmQf3QQEL
Alberto,Cole,Mackenzie.Legros96,peR7GUJ8gCJk__W
Araceli,Stroman,Cordell.Predovic23,Ic6RDPDzjvEhbHj
Russel,Herzog,Robin_Hudson,JCcOW5dCBhVmvrp
Mabelle,Hessel,Isabelle55,ZvF1WU4X5tMAhZr
Elmira,Harber,Daphnee_Blanda,VTDikAbpFZlaTCA
Trisha,Upton,Virginia70,8xJvi4Fy88h0c1V
Penelope,Altenwerth,Dina_Goldner,g6uug50Y2KJr7jJ
Johnathan,VonRueden,Erin67,SGt187LKqIbG3vo
Addison,O'Hara,Rubie.Bosco,cFNG2Jg7GKy4fEy
Felipe,Leffler,Jerad_Langosh,A45jmcx17uMMLPY
Aniyah,McCullough,Murray.Streich12,nAb2LiEav3QkhCy
Jordan,Botsford,Gardner.Nikolaus,zcgGv5rlGIX6nFh
Eveline,Johns,Darien21,FDO4rMOxtdB6PgN
Cletus,Stanton,Idella.Zieme98,TK3ORdq_lg3Bn2G
Donald,Weber,Aliyah99,yf5QuX2K4376z25
Brendan,Bogan,Royce.Harvey,gvIxaUhPUmXL5oy
Jessica,Funk,Gabriella_Funk,a_VD_kc7pu4Hgen
Angela,Goyette,Braxton_White60,R3ISxhrb8dVwtZd
Elvie,Nader,Edmond35,byQoR6zcFsCnfcm
Heath,Schneider,Maxime54,SpHJGrZW4CD65yA
Lonnie,McDermott,Sylvester35,R6SlQJiAdBRI5EO
Santa,Hilll,Tanner_Lynch,wvDlDzSepW_rqha
Matilde,Bogisich,Lexus.Monahan,iFTmEoHHiJCGwih
Jackie,Muller,Cecilia_Fay2,xcjzKuAtd772YgI
Chadd,Konopelski,Coty28,h9evx3cldozFPru
Ewald,Hermann,Verner.Deckow48,wm0zmTjJU9rGKjz
Adell,Mertz,Olen_Armstrong,sHZ2cfGkEeHsLjI
Mollie,Rowe,Sandra35,3lBaOtPKMolNmdl
Adah,Goyette,Dereck60,roN8CagExr2wXVs
Paul,Marquardt,Davonte_Zulauf,6R7jFTvtmLhl7KT
Tatyana,Torphy,Dylan.Becker13,eBVQT2PHpVjTyxr
Adolfo,Cartwright,Fidel_King90,JZzOfrzOR4ezVwr
Alex,Lang,Stephanie16,4VPE9sUw9azd5YG
Torey,Schuppe,Brandi.Stokes,OebytmGnIkfnwkI
Federico,Prosacco,Horacio_Parisian63,13j0eSsAlCUD9lW
Mohamed,Wintheiser,Andy51,gOVpNCTijq2MGBp
Francesco,Lesch,Devin6,2GrwzGcksDwBjtq
Winston,Price,Ettie.King,QmzQPXhnmbvb7qM
Cassandre,O'Keefe,Meda47,UJm0wyiAK7_oEP5
Claudine,Heathcote,Flavie_Kassulke,mzurcoofGc5ssEo
Freddy,Moen,Walter.White70,51FQpCho3n7n8q9
Austen,Jaskolski,Ora_Rutherford82,oIAL9cMl6LRph0W
Catalina,Wiza,Shanelle72,1toCTnJk8XLeaF9
Unique,Beier,Dina.Buckridge97,RXeLFNh2hoUBlIe
Arlene,Romaguera,Stacy48,nqYcBErzBjaOc0c
King,Grady,Erik.Bednar,nOnTJp1igi6rT5S
Dean,Kuvalis,Mathilde_Purdy11,0546MS9VslziRPT
Tressie,Donnelly,Alexandrea.Walter,XICtQfIq7gS8wFP
Gavin,Kulas,Annabelle.Walker79,hVSA7p2UQctmv2J
Lorenz,Rohan,Elyse_Dibbert,J_I6R21VG6ZUy4I
Cortney,Klocko,August.Wunsch,AyXHSR_K7Y4CpoP
Trisha,Grant,Luisa.Mante33,c4VTK54_dL0G02g
Verna,Blanda,Dorris_OKeefe64,9LBbpL1c1EZoHwN
Hayley,Considine,Nellie_Cassin54,NiATTk3MCAsQ9zi
Oswald,Collins,Jordane_Quigley,Sym_7ImeG8PuSKa
Bernardo,Leannon,Dudley_Moore,FUeZqhNxg6Q67ht
Reva,Krajcik,Darrel.Lesch28,graL8nh2TmiABp0
Dallas,Gutmann,Harmon_Yundt27,bEQtuHNv2qOCzz8
Mireille,Beier,Guadalupe_Mitchell76,jYbFog6Ex_KOBO5
Winston,Mohr,Branson.Bahringer52,WA_dyFo_Nzb03IH
Beulah,Thompson,Maurine.Satterfield44,bmIln7Zua1neqtw
Arjun,Jast,Hannah21,Vh6EBnAgL0pDcKA
Maximus,Feest,Paolo.Berge,3Fe9WSiYhaZZIeS
Emilio,Bauch,Eulalia.Pacocha,wbdbPc_UZQdBvSf
Lea,Sporer,Jordy_Bosco51,Tvvwq3sCqLjICVy
Nolan,Rohan,Gianni.Grimes47,33cgLhe8vbq0we0
Verona,Marvin,Lina60,9Wj2Uta85WycoBy
Genesis,Jacobs,Frances50,MylYM1y3A4Kb7Q3
Hank,Corkery,Easter_Mosciski64,lMZ68q0W5NpNzl1
Kenton,Rogahn,Richard91,uYFGTBTuPgA6UCQ
Peter,Schoen,Kelsi15,tVkLZ7H4FaPZER9
Guy,Ledner,Brionna_Zboncak,ngADYKkGKt6bP9J
Pearl,Macejkovic,Reggie71,gLqDcyhKqSn1jlv
Warren,Gerlach,Raina.Moen59,lW63wUx0Sue2NqB
Jaiden,Cummings,Dorothea_Grimes57,taVDQOvw9E7P212
Bernadette,Rippin,Britney42,c0qbJHnKt1ZyDTF
Kyleigh,Barton,Major_Pacocha88,sKxaBNn8zyAVMyP
Nella,Wyman,Albertha_Wisoky,YlMPWVasf8fydiT
Alvah,Turner,Tanner.Schulist,DY1R53lDUfT9ywo
Donavon,Conroy,Marcella.Morissette70,7DEdIoBRKF7D90Y
Jordane,Daniel,Kamille.Waelchi,vAfMRHyiE249XR1
Abigayle,Littel,Janis73,WpHnn4UYlco5PtE
Jennie,Weimann,Miles83,3NpRMavnqZeEcZq
Myrtis,Haag,Dorthy.Goldner55,cmW8JAuQjQjII3f
Edwardo,Douglas,Bradly_Bernier,jj1nUz7bt_ZM7zk
Florencio,Pfeffer,Effie.Bosco14,oiildJ9O7H3N8YJ
Consuelo,Rowe,Mckayla_Weimann,PDzFlBSoo16SSPo
Duane,Nitzsche,Janet90,3Qwd5AaQYBZvqD9
Madyson,Thiel,Lelah3,osd7bNOjLJuQDaa
Andre,Rowe,Queen.McCullough,7O8xJteVZbUd6L9
Virginie,Beatty,Manley.Bradtke,vkYYCwA4VKbpWoX
Miller,Weissnat,Milan38,TsZ8A_RUaulSHD8
Jeanie,Marquardt,Simeon.McKenzie,cAv9Gvan9i4PVUH
Josefina,Schuster,Sylvan_Kunde66,y87sWme0nywI46T
Justyn,Reinger,Serena59,Agxq73CBMZ88dhj
Estelle,Stark,Newell.Hand73,rfAKFEXL_NH3wyJ
Karlie,Schinner,Gabe24,LKyHuofTRnptdQq
Rahul,Leannon,Mabelle82,PqMpCKw2TyOO5bg
Lera,Reilly,Markus.Streich35,ZAiqOn5FaremXb4
Sven,Collier,Mackenzie.Haley24,OEgcOe2IZ9_ISOG
Carlo,Swaniawski,Jovanny38,cDTG7Dj6ABJ1gIy
Jeanne,Bosco,Emmet68,kG4O9BKELvvVqDm
Santiago,Heller,Alana.Homenick6,catQDXpvKQ47jBc
Sheila,Blanda,Mollie27,Bafv093cOPC5Hgf
Jamaal,Orn,Providenci.Thompson81,xtccLAWD4Ot_21Y
Alayna,Hirthe,Rosina.Nitzsche,k3iHfyboz5bBw2Y
Cary,Cronin,Madie.Boyer,LqcNJxyBqwES0Z_
Afton,Turner,Mireille_Ernser73,7GYTeK7pMRLj0_p
Kayla,Franecki,Earlene98,XsQ6PRJWo2AqV4E
Waylon,Hudson,Raoul60,83WFrreo6a1iMrv
Sarai,Fritsch,Sylvan70,nuzuT0n7XJAFYsN
Adelia,Friesen,Adam79,ahq71fiD3ACUUUn
Mia,Shields,Orland71,0ALzS8GJmtIqbwE
Paxton,Robel,Lexie_Doyle35,9N2E7MMiy_5HFzd
Stephany,Heidenreich,Carlie39,5qQaQWBjCVo18Xv
Madilyn,Bergstrom,Pedro56,apjEzzHmsplQCdu
Burley,Hessel,Dallas.West,41UnMfga9iB80I3
Dewitt,Hauck,Imelda26,2DUO5LeNMutvgzR
Alanna,Lowe,Dayana_OConnell,fzrTkaZHCFvJvzJ
Wendy,Heller,Athena_Rowe,R5NpluSdr6H0kUO
Wilber,Rempel,Molly_Hermiston,CdR2z0CjbqIiWGt
Pink,Ritchie,Stefanie_Carter13,t2tP7wjZwrLeEaD
Garrick,Casper,Bud.Kris53,mYBD5JBzWQP_BJY
Keira,Barton,Brittany_Russel58,KvpeiQs8bfW96oE
Hazel,Skiles,Hellen.Cummings99,qHTECbvooWYjpXv
Bulah,Morissette,Angela_Hansen97,a4A_vep7X6XWGry
Demarcus,O'Kon,Jaquan_Howe,jGhdt_O4rJ2jwii
Declan,Weimann,Aletha.Ullrich2,v9uHgA5xQ4egGTn
Tina,Klocko,Kendall_Hartmann,mJgAvfU7eDEROGR
Alisa,Pollich,Dorothea.Schmidt,iZWcNsWXEhSQgcJ
Beth,Schultz,Theresia36,HeMdNyBypl12xE4
Reilly,Kessler,Stephon57,QLd7B_ck5kzYlmP
Mariam,Rau,Tevin_Schaefer,u7e9q5E6Y17N1hN
Elijah,Lang,Wilford.Wunsch,khsWLIACUEyv8RV
Reanna,Bailey,Kelton.Schiller77,mudVt9QkyJcA74w
Rey,Simonis,Lester_Mayer,hafoUYFU4aExVVM
Christian,Moen,Bailey25,jYkOWhdMAhgsBDQ
Marisol,Gerhold,Treva.Schmeler,2U1Bw3ozOEcIJzy
Savanna,Mayert,Nicola80,AxiVpCklP0GcUA2
Davonte,Metz,Lea78,pKHOxiy3dgdwJBt
Deon,Feest,Hans53,MLt1t133DaJ_JcB
Lillie,Hirthe,Laurianne26,fpSRXhFwh6g0Fst
Angus,Veum,Adaline9,6WKPWtlnXZcc_4n
Nickolas,Bins,Adrain96,Kr_6hZ4UdowQFwr
Rocio,Hodkiewicz,Alexanne.MacGyver,mb_mkmxSxJMEVck
Wilburn,Gottlieb,Jessika_Collier68,HUo92a7FwYnCIOL
Daija,O'Keefe,Kylie89,wQSDoYa960d_FWA
Fleta,Kassulke,Gillian64,WiQJ94y3z1SNeGN
Jaida,Hauck,Mohamed.Predovic99,zDtfS2HU1uOmkxm
Carrie,Predovic,Everardo55,43Q7bG1KFRzJYWB
Rosalyn,Murray,Kyra88,S77Pjoser4z9xz3
Gerhard,Russel,Beatrice94,XfEvCFG2zOpLWAS
Napoleon,Kohler,Meaghan50,Q7zcUtQBt4aScUr
Michale,Bartell,Isai_Daniel99,cQNFb8EYE7IxkA3
Tony,McGlynn,Sally_Douglas29,JJ_yfj6yYhU0b8n
Hilario,Thompson,Wilber.Sipes,VFJNLLnWam5YtmO
Lora,Conroy,Mallory.Rolfson,STc0VEX_j7t_O41
Nyasia,Kassulke,Fritz.Stracke,8tYYI8T932Rm07i
Caterina,Lemke,Kaylee.Windler75,qD3VKXxv0s49mwd
Flavie,Trantow,Lewis.Simonis,MZROet9SRnxvOBJ
Jerad,Kautzer,Theron84,BMbmINvZOfCH_JC
Adela,Little,Orrin13,MMrJipBmnCy_6m_
Burnice,Halvorson,Corene.Wiegand,EivTKLZIOZPa8i7
Leone,Stiedemann,Rex.Ullrich,ffcsHmDNiyuTZT3
Immanuel,Lubowitz,Grayce.Christiansen,OpRYjJB0aO8nUGb
Ahmad,Hackett,Sandy.Prohaska23,JGCxoMHOUzsq8S4
Curt,Jerde,Tracey.Ritchie70,6EQEmvVSHocOwk9
Audreanne,Pacocha,Shanon29,3R_bjDtsh642Wmp
Mandy,Feest,Cordell.MacGyver49,QetOWtZgS0F65IS
Alena,DuBuque,Lindsey_Kuhlman,befumLNye95jzfB
Oscar,Lehner,Marcella53,MKwoCf2RJE8F0rb
Monique,Lemke,Lyla_Nolan,odIpCh7DiC2asXF
Ed,Smitham,Boyd41,F9W_aj5xso_O_E0
Oceane,Toy,Ayla_Keeling96,RRJ9RtofbdPhE3K
Rosa,Greenfelder,Muriel.Herzog,LSoNcsHoqnqhBAj
Kayleigh,Streich,Morris.Glover,oGjEidmHLHa8FJo
Melany,Gutkowski,Narciso_Schimmel4,uGF2mqYw2pyL1Zk
Susie,Schulist,Elmer.Zulauf,ttZeJThpxITxHey
Harold,Grimes,Icie.Legros1,u700Jg7ghNhbiVw
Robin,Weissnat,Brigitte.Abbott76,vc8DzT_1kw31BD0
Marty,Ondricka,Kelley72,ATejcWEIlIYvF5h
Sanford,Greenholt,Raina28,87ViS8QyJXSH9bD
Rubye,Berge,Brenden68,lkVgXzWwSU6gHw9
Lola,Langworth,Estevan_VonRueden58,ibCDXzabvCmoKTU
Adelbert,Lueilwitz,Amina.Sauer62,qL904Zt9e_T7LXy
Shana,Gutkowski,Hellen_Swift,xCi2GZPbJQ1_e1O
Roma,Nienow,Steve83,44mpoozrtqBw9cc
Bennett,Greenholt,Giles28,lCaaoIPrdizGV7Y
Eino,Kub,Durward_Hamill22,R01878cgaX4b99k
Leonardo,Toy,Tristin_Feeney,gIifLZzy6G1i0Nn
Rozella,Wilderman,Effie.Kassulke49,SN6eev5Hoq9LMPz
Leora,Stark,Rodolfo_Kiehn70,ggfWPfsSJ34SsR3
Orland,Hegmann,Tad.Pouros9,HJscoqA9D1wvgKI
Carson,Schowalter,Gabe78,W4m0UDASmNPu5ly
Al,Upton,Duncan.DuBuque76,Gbd7Nkwx6UZluD6
Lamar,Baumbach,Isabelle.Reynolds47,YGBSBKH5BoMjCyA
Amina,Auer,Amina80,HauPA9ODM1AtnDi
Howard,Rogahn,Haven.Emmerich,vsbSkjDUPUsrMDW
Kelton,Yost,Melody.Krajcik61,IVech8ncq_UQz8l
Nikolas,Kiehn,Eloise59,hUIgWAdzpPs9qWF
Julien,Harris,Elna_Rath55,Q2BI17bj_bXK53v
Makayla,Luettgen,Hayden84,ZSigN8uneUxBxQX
Sincere,Nikolaus,Zechariah_Harris41,kgoYi8Ec5F5gVCy
Leon,Parker,Reed_Brakus23,Lypmk5j6qV7Qo3y
Winfield,Greenholt,Danny32,P7IPEAo9iUkS2VD
Jeremie,Grimes,Dee0,3VLkI7rGInYGvh1
Rod,Spencer,Blaze.Moore56,gy52fL21jSjWj9M
Keegan,Heathcote,Hailie44,KIXWrHoWTkQ0Zvy
Darby,Dicki,Mia.Monahan,pBvb7g9BcnAxviL
Rolando,Gleichner,Murray57,VDPMkN3ko8vl9YI
Heloise,Harvey,Jalen_Glover24,_EGQ9ooBV2nTtew
Alfred,Klocko,Casper.Dicki,uLgG3YhuuwvGGYC
Kennith,DuBuque,Fabian_Ruecker,CUrHIuDMOvp4iUA
Alfonso,Steuber,Cydney_Rau,3fCJbyD3LCVpVnG
Enrique,Mante,Marvin54,A4PGJ0DfKOJ8ttH
Ophelia,Bode,Savion12,oKUsZpxVRp1YLxo
Rosalia,Crona,Kailey47,ZbCu2U4uQNmBfeY
Oren,Mayert,Marlon_Hodkiewicz83,Qvmh8pwpvfvKz52
Helen,Larkin,Elinore_Dooley59,WPIt7V662_ML425
Warren,Rau,Gianni_Bashirian,tjHKWETgfcRrtZu
Assunta,Kling,Sarai.Cruickshank67,QFwu3SLvw_IvEkE
Makenzie,Kilback,Bonita_Skiles,gsf7be2CRsGDDaQ
Sarina,Brekke,Mateo77,ImvavluWoDdumpM
Marcus,Jenkins,Eloy30,bP5I1u2S9RWcKcz
Alexandro,Beer,Ansel91,i15N0Aas4q2nJ3q
Taryn,Fay,Darrell7,IQN7cOSH8XZYKOX
Burley,Stoltenberg,Linnea_Dickens,ohzNJpnjzAUXmIS
Enoch,Nitzsche,Gina.Crist74,pHCPERPs_LuFV3x
Jay,Anderson,Casper.Smith38,FHNXYy3tVd8KNGh
Brennan,Stanton,Gabriella67,xdi89Y7M5oYymCe
Theo,Reinger,Haley.Kautzer,z08vRfwMlgeFHBm
Lauriane,Gleichner,Rebekah42,7JD15JDEJjmpLRW
Maya,Conn,Garnett.Littel,XVIAwiM0rVDsbtO
Kamryn,Hills,Della44,2bUo5XNoL0wcp2y
Elna,Schowalter,Addison_Cronin55,DpDphcVLVieNkk5
Carmen,Hettinger,Carolina_Powlowski24,4GkeFOy2gS8pN_G
Nora,McClure,Gracie.Bartell97,xXe2FiJj29QExhw
Quinton,Tromp,Johnny.Schuppe,NnTi2MnadLvU3TE
Verner,Feeney,Savanna_Stoltenberg82,WbnoupUXVVBD_RQ
Ford,Howe,Manuela35,DlN6LvdKCmFzx7v
Ashleigh,Vandervort,Trevor_Fadel,cWjuEoSD2fZIRcP
Noah,Krajcik,Johnathon.Muller,pf7cw3zgwIgAulj
Christelle,Hoppe,Michelle15,xoaf3grGVJa2F9S
Amina,McClure,Jaren.Greenholt,QLNqCvCQneKQHbK
Hallie,Dickinson,Melisa.Dicki,n_pnjpdWFTGwUfT
Cassie,Oberbrunner,Oma_Gleason,vguidHY3TcqEeZq
Angela,Hirthe,Floyd_Bergstrom,PNI4gocwPh1JNxT
Brenda,Nitzsche,Elza_Mosciski24,qIQ15t9iQ_Nf9RC
Hailie,Cummerata,Kenna.Thiel37,uqg4C2hdA0YK_8w
Delphia,O'Conner,Elsa4,wsIXxyrXJ44ye9q
Don,Bayer,Kelvin91,ryZOp8z9olV_s6v
Eugene,Barrows,Jaeden.Ledner,1RLDjFbUtFi03su
Polly,Kautzer,Barrett90,jk3jr7tkAOiXti1
Isaias,Hayes,Kiera_Kutch,8X2S97MnIzb7h9j
Magnolia,Kilback,Coleman18,4icEGep2ELoQiPY
April,Raynor,Madonna87,kqhN1Co2i_ZEws_
Bridget,Padberg,Kyle_Lakin26,vGuAuWLbe0noqPD
Gage,Koepp,Americo84,yXSbRe_dRh6uLkm
Shaylee,Vandervort,Dallin.Daniel,ZOiL6J9W9wgWcH1
Filiberto,Zulauf,Kaden42,qZEYmqs2zVoa1vi
Jaclyn,Kub,Keshaun_Klein,oc7rye1qwpmM1SH
Zackery,Renner,Zelda_King,nB5s5X8X26M0H5V
Dayana,Altenwerth,German83,XmgnRpxBLkHjIvn
Erling,Heidenreich,Shakira.Sipes,apy8FSNSUxAYKMw
Amelia,Ryan,Carolyne46,n1dgy1_1kR52Cno
Remington,Homenick,Payton.Hermann,_23KGA8zFQ7vDyL
Carlee,Dooley,Gretchen.Rau39,bmjH3fT4Dl9En6w
Lew,Marvin,Jo55,gWcWMpeEd3hwZE7
Barney,Howe,Magali.Baumbach,c0BJ17vzF6ZhU9E
Roscoe,Toy,Geraldine.Bashirian0,A3GNRMbRgy6AFVE
Tiffany,Pfeffer,Clair.Boyle,GDAoGBKiLZfQX19
Ralph,Doyle,Karson64,Jp5luaPWVYtOG__
Phoebe,Harris,Laurine83,r9so_mse0JhMLT6
Brenden,Ratke,Scarlett.Zemlak,1xvQHLqqyMoM_H5
Marlin,Hammes,Miller_Kutch69,InCi5lqPcmsOK6Z
Lucy,Luettgen,Magali.Marquardt88,xcVIozths7e31BD
Jermaine,Crooks,Ladarius.Jacobi52,rasKg4OJg_8pPpr
Rafael,O'Keefe,Raymond32,rP9UQksQ7JzG1c5
Araceli,O'Hara,Ashleigh20,Y8ffIrogeNmlwzY
Enos,Deckow,Ophelia.Skiles,zHWhHvxEirteqJe
Samson,Hettinger,Maribel_Haag,Sprj2_EbM2hwtwW
Cortney,Fritsch,Jane41,1vjVMFFPqsjc44L
Kailey,Gaylord,Zakary77,eYO38_RrLZ5IQVu
Mikayla,Graham,Donnell74,DVODvSLkilxOo92
Dashawn,Rutherford,Kristian35,L9ufh4mDUxGsFT2
Prudence,Fahey,Shea24,WQkheRcORLY8dfU
Dameon,Farrell,Ophelia_Gulgowski,gypmoHQCVpYafUr
Darrick,Wuckert,Joanne_Legros95,7hl7ZAg3VwjzeZ2
Zane,Stroman,Margret64,qTHsQR7YUim2Gq1
Joanny,Torphy,Hershel_Torp20,dTvAbT0fCgmj6j8
Terrence,Harvey,Arjun.Dickens63,S9zDSkaU66NEHt4
Vena,Swift,Lavina.Sauer52,wocgshxrtRviKOh
Leopoldo,Durgan,Aletha_Kovacek,Dl0ALKHvSviTaAi
Amparo,Feest,Boris44,3GpLi41awbPoFbL
Daphney,Lind,Sidney_Altenwerth,zaYha7HWpOfnBcv
Aimee,Wolf,Beth_Witting,uZvENIqWQrnTe8l
Kenneth,Gleason,Claud.Jacobi48,Kw5eRDQzEhI70L4
Vincent,Moore,Emory.Wolff,VpfXM9kRQ3ZinK9
Macey,Douglas,Pamela.Wunsch68,t8UYnLYS_vc8off
Lenora,Conroy,Kamron.Greenfelder,co3fNrM2gbZYIzQ
Garnett,Yost,Kaelyn.Schmeler,oy1T7K33rr8KJJL
Lou,Batz,Elody84,1TRHeaQLb4_uyMO
Lilian,Corwin,Leilani.Schultz0,9qTU9QtWXqmjcrA
Leopoldo,Herzog,Christian0,fCUZ8wdK7WhTdbE
Jerry,West,Francisca66,gJBta4VKU86tagk
Kirstin,Hauck,Oran.Keebler33,98QmdsZt8szC2Uh
Alysha,Miller,Raymundo_Kohler91,dUd6LuyE1lnzPGl
Kenna,Franecki,Emmet_Connelly,iOa8NyHCin_kFoF
Sam,Wolff,Martina8,8EICq5xFba07SvK
Javier,Wuckert,Yasmine43,DDzUaoUL8Zm__To
Jorge,Ledner,Eula_Casper98,tr2mQtH806YHE07
Ericka,Gusikowski,Hollis.Hessel,TFiB8iw2Ey4uV3z
Samantha,Stroman,Jada_Haag55,wa9PHiGbz4dVgms
Kiara,Wintheiser,Rey65,9GDT0KZ5XpQkCiR
Nyasia,Doyle,Florian_McDermott32,CupO4aUAN9rkrso
Daisy,Price,Mekhi_Donnelly,DNlbq7IOahsfKei
Antonetta,Langworth,Marquis_McKenzie,3_A5eTv0XiR6L7e
Marianne,Ryan,Dianna82,NZdiYGoYXoG0lIg
Rachael,Jacobson,David17,9SBS4WttKKofkAv
Mark,Bergnaum,Era.Gottlieb,G8zwGYUpuuCdGyY
Ebba,Lueilwitz,Gordon48,6Dsbd0i1mj9kxt3
Leatha,Bogan,Arlo.Bode,XERhhCjsf4rC5tk
Rosalia,Stiedemann,Kiana54,kM1jUlFh6SZ4NGN
Freddie,Hagenes,Winifred66,ZtsFjSyvYHYUlYV
Bell,Hauck,Rex.Prohaska,RchJa1ei2SoIXkQ
Jaclyn,Ziemann,Deven5,7aL8RDmfpEIFSuI
Mylene,Fay,Johnathon.Witting,ZsZPw0LnHq0Z8rY
Donnell,Kiehn,Harmony.Greenfelder40,xigtdiQPFNSBuMD
Ada,Moore,Mina.Mann,CQN8dTOr8kSISp1
Charlotte,Robel,Gaetano_Cummings,iJw2aAiS_iGOvRe
Velva,Turner,Kyleigh29,V3Kd9XCI0nS8YoE
Alyson,Effertz,Vivianne20,e7b1yc2sxL4WqNQ
Yessenia,Powlowski,Milo55,evHsaQ8LBgxuGuH
Myrtle,Connelly,Marilie_Marvin29,Sg7OdjFHambKjDQ
Ervin,Schaden,Dariana.Kunde,pH_yfOSl0vtS_fW
Jacques,Cummings,Lexie.Zulauf39,rh4KKLvDbtc8jhf
Brook,Leffler,Helen.Stiedemann77,NPmWzgVxlvuWoPK
Aleen,Howell,Michele_Becker13,DwGZeQcvKnlEsW9
Jake,Rodriguez,Olaf10,tgoGL_DE7UJOfLY
Rafael,Leannon,Adriana.Grant,SRwdZb4OU9nHoHL
Kristy,Reynolds,Hayley28,LlMXLd1UjvU0ruY
Antonietta,Rice,Marc58,eh66gW8N_zfMobq
Fabian,Metz,Alan.Predovic40,loh44M38yu96lkZ
Loraine,Predovic,Norval45,F5GJW6iZSSfrG7k
Oliver,Sauer,Marielle.Rohan,1q7epkhYDC2EHGq
Kathryn,Kuhn,Estevan31,1mJ0s5nuYGLY2jH
Halie,Bernhard,Miller_Bernier47,HJkkVfYB0QcBNwi
Lera,Lehner,Leif.Smith95,yF7rqJgj2WlRPFm
Dante,Upton,Lori_Smith53,Tr9iY7nnbwulqfO
Norberto,Monahan,Johnny.Stokes,MiaSDEHUIMY8b9N
Louisa,Rolfson,Hulda82,ZaOtmvoKiILEgVb
Van,Lemke,Kade_Collins94,ZCFDO3uPjD_f_Cd
Kaleigh,Pouros,Wyman_Stoltenberg,Yb1zhOIJkkVmMCK
Rossie,Champlin,Arnulfo53,nqb8VZT1RfbjS4y
Claudie,Monahan,Francesco.Auer33,0kl4bMUHJ0ACTep
Carlee,Yundt,Ignacio.Kunze5,eUv8szmYdp71U6M
Yvonne,Mraz,Kody_Ritchie14,1MN0meeunaIn0fO
Adela,Rosenbaum,Wilburn_Kautzer,00qrVeGrd6qKpQ7
Arnold,Lynch,Rodolfo22,KUDeC3RoaP0RG68
Roel,Kohler,Audie.Gorczany70,5pIiNTGBjZHRdyc
Kimberly,Kassulke,Viva_Walter61,oNbSNqt4uTSe3E4
Malachi,Johns,Jacinto_Deckow33,VJgX7KinCajlRiq
Jairo,Renner,Nyah_Fahey,0mrOPea573OcLLR
Frankie,Kshlerin,Skyla88,FJyKpO9UXQcsRXM
Idella,Bauch,Mariano_Dietrich,CLQ2ULdb61bxU_q
Layne,Marquardt,Jackson98,RJHHsiPHS6ev1Gd
Providenci,Kling,Haley_Kemmer,SlFRc6OVztdMney
Pink,Lubowitz,Claud_Stoltenberg,pjCWSPupsamG1jF
Kelly,Murray,Leonardo.Macejkovic,3aixndPDwpymx_5
Tina,Powlowski,Rosalia.Christiansen28,fkO8nk8hbz0zF4o
Maximo,Pfannerstill,Leta11,kSgal7Vphfvkwbd
Elisabeth,Hagenes,Gilbert47,9Rt8cB4mSA0HiCS
Sophia,Rogahn,Franco58,QHZvgN0WasAgzPS
Ibrahim,Bartell,Benton57,urSUpQsfH1IjdCW
Margarett,Runte,Adrienne30,45Ns4a7zlJQ6801
Reilly,Hilpert,Deondre28,UQKkqIPqM4LawJW
Jewell,Gusikowski,Savanna.Vandervort99,HxE5IJMtvOkHnok
Lucile,Upton,Cruz_Schoen,WTFvk5AgIwBD4Aj
Otho,Olson,Luciano.Little18,8NXX6iirD__YTBZ
Jedidiah,Lebsack,Olin57,vp6epSBoZ3A4cPu
Julianne,Zboncak,Grady.Dach42,vQsPTmrUnCpi3vc
Annabell,Williamson,Stewart.Ondricka87,l40NVc_h3hOdOFh
Delta,Kshlerin,Antonia.Balistreri55,2OSbGpmC57r8ruV
Loren,Botsford,Leann.Waters,AwstFpYrcmZdV0a
Hailie,Welch,Susanna70,nPcKywIusiY4302
Syble,Walter,Corrine5,dGiodLBaNYiiEl8
Megane,Kreiger,Keanu86,7lSprD1CoVJXZz9
Lauren,Leffler,Michele14,k1XUFUbEOFRq9rd
Marisa,Cole,Holly.Gusikowski68,A3vMkC1O8ufuJY3
Hermann,Treutel,Hilton.Schneider,tpX9rjBe4iWJGHw
Reagan,Friesen,Xander11,J6Q3JvUzXjuGzi5
Lorenzo,Simonis,Cade.Okuneva,fXyTFouiBztD1p2
Fanny,Anderson,Earlene2,f_p7m694yLL3gWd
Tito,Boyer,Oscar_Volkman,OrNx55NCtCs7Bcm
Elsa,Maggio,Kasandra.Hamill,_Ca6aNvULf5ibED
Eldridge,Stehr,Harmon_Olson,9lWRTQmI9LoVhDh
Dell,Haley,Delmer_Harvey,z49tFGcMVAMAsdO
Jaleel,Bins,Janie.McLaughlin54,ujoB_mSMCQ2D53P
Phyllis,Stoltenberg,Rafaela.Gleichner41,HCr9r1IkITeJWgg
Santino,Goodwin,Gisselle.Bayer17,0mVG_szxjR5Z5kE
Camille,Stokes,Ubaldo63,FnHu3C1Bx197_DQ
Lowell,Kautzer,Jacey21,snxB1kCD4AwqFIH
Vance,Kilback,Liliana_Nitzsche,AmKR_6UAvM9s9oM
Delaney,Zboncak,Joelle22,qHgjQsEwBAJlkXX
Trey,King,Griffin_Russel65,5PqxdmamboQjHzy
Roger,O'Connell,Abbey73,RCx8KHYfMEbyidJ
Alycia,Schinner,Alyce.Wyman,1vupj5mfaCvgefR
Floyd,Nicolas,Raymundo52,mEOmgJSqC_kfvzA
Garry,Lehner,Stephen49,s_mUHXbyIgEviWt
Fred,Gleason,Norberto_Willms,tQNFQrw7NfHmjV0
Lonzo,Schiller,Shanel.Metz15,ACap5aUlPVGod8s
Cortez,Deckow,Lee58,RPGyosvvKiWcNke
Ansley,Waelchi,Alexa71,FqfYQGSvNavsG61
Nathaniel,Borer,Makenzie.Erdman,NFqNf89_VeEqRNr
Alisa,Stehr,Jacquelyn.Barton,5TwueALxFIdY672
Bernardo,Jaskolski,Davion_Hagenes51,rfrEsGswtVyiEBZ
Citlalli,Gottlieb,Icie_Walsh,TyWRAXcRCELJma8
Jettie,Olson,Tad.Schamberger82,_qj2GJtRkuhVah3
Titus,Hackett,Salma.Daniel,btHxUIJoFnbQWKq
Madisen,Jerde,Joy_Becker46,S7BZxp2IEE_bMpB
Palma,Nienow,Will_Treutel56,9UNyWF0Mjqn9fGT
Alyce,Emmerich,Jeffry29,dVyfm1RXmlaasH0
Freida,Padberg,Madisyn57,slUZGyWZ7UqshEY
Maurice,Rau,Isai.Labadie,siE6IRVoc5GoHxj
Maritza,Rau,Pearl77,MwozntF2yQ86xuK
Ryan,Olson,Emmie.Bartoletti20,LltpwJ7D4MOv8W4
Alyce,Davis,Horacio_Kshlerin25,8SreNVJjj27V4hR
Jeffry,Green,Arno88,xvvmKsQBGu0eoOU
Kiara,Bahringer,Bonnie.Johnston23,Xd1kcM3AOJzil9K
Queen,Mertz,Neoma25,KUKoNdn9zd9eWGE
Robbie,Vandervort,Rod.Feeney77,Zxs0iYGZc5EPaxx
Veronica,Connelly,Johnson_Rippin21,W2rirOHxxEYNW_r
Percy,Fritsch,Milo.Streich34,vNlv79f3YVChot_
Kris,Klocko,Taurean87,a6jgPuz36kHxtlj
Frederick,Sauer,Barney.Powlowski,rNQr85R87cJ3TPS
Marc,Jacobs,Marty98,PtdE0CQ6ktaU2VV
Ivory,Tremblay,Eudora_Eichmann82,HbIkBoKTKhH2Jp3
Sylvan,Cormier,Freddy.Funk,Jl4exzN__yIvGjF
Marcelino,Gerhold,Cedrick91,7VL6eVwDDG0q46I
Joan,Marquardt,Lauriane30,ZiZam4HJl79se4q
Eleanore,Koelpin,Esther.Kozey38,PESTx5GNs5pucmf
Edward,Harvey,Andre.Mante32,zrmaJAo7zcmXYMs
Horace,Von,Lloyd.Mayer10,sDmo083a8dI6qgA
Modesta,Tremblay,Randy_Upton94,xVT0vF_CPvDVnsF
Nicola,Kilback,Wilhelm10,1mOsgqC3kBsWAYt
Russ,Lang,Tre.Dibbert,1oP9eBgtHnD8Vsy
Yazmin,Herzog,Minerva.Hayes,umrBJwt2XZhRAft
Thomas,Barton,Jesse15,FNUXgRXf9XuSk1Z
Ashley,Gulgowski,Savion.Rath43,_Oyl39RI9LS4e03
Ayla,Ullrich,Ally33,7g6lWDTAjLey9jf
Yazmin,Mann,Calista.Green,yfGZohWDTD22QCf
Theron,Fay,Cory_Marvin7,5xQGcAt48fPojPP
Emelia,Wuckert,Mike.Schmidt,ZmOBkc6xMhE3o1B
Dillon,Homenick,Rosanna_Runolfsson50,3svOEG5gf3mACMi
Lourdes,Herzog,Mauricio.Larson,81BZ14sknFmDaMH
Jaylon,Fay,Dale_Halvorson,h4Dg5_4Gyt1t0bK
Angelina,Beahan,Mateo56,9lmvSwkVmCyDeu8
Leslie,Bednar,Conor.Muller57,3aBn2SL8DG2B1uS
Monserrate,Effertz,Cruz54,VPn4R4jU9WEPWBp
Lizzie,Parker,Annette_Will,1rsTkzOehv0g7Ey
Reilly,Cremin,Santino_Mohr,po47EjNbliziEJM
Henri,Haley,Chesley71,bO8WwFBZofEwhQf
Yasmine,Purdy,Rollin.Considine86,ITZxozpCwtmnhAh
Muhammad,Hills,Cade.Littel71,fNkCq8L8gXvaG7X
Antonina,Hackett,Isabelle.Schulist98,DkXyChFLcsy0b89
Monique,Schmidt,Luciano.Bauch,9wZzW6NMUo9yIOE
Kenny,Hammes,Rex_Fahey39,azD1FzMbKIWotzU
Zackery,Stark,Nolan71,A8x_CBLDG4mJya2
Jazmyn,Armstrong,Jane.Runte,5WzOuBF4LLuqYYV
Maureen,Yundt,Jamey.Balistreri50,CmEX1RN1iMfNhqM
Olin,Marquardt,Tanya.Schimmel82,GLy0YWT39zpjWPZ
Miles,Marquardt,Kirk.Lindgren24,5lBsjZqDgZzl7ts
Raymond,Mante,Hulda.Schulist,P5GVUK7Ddvnubke
Remington,Harris,Brycen.Bruen41,vlgHfUD1RgUQHGX
Rod,Ratke,Stefanie.Harber8,ao8cwprkuUyMJEr
Kaylin,Rempel,Martine.Abshire,LnZ9PBGAACYJ7Ty
Maxwell,Lubowitz,Anabelle_OKon,GNIm2z4DXXTELep
Myrtis,Doyle,Miracle.Cummerata38,gZu7ecV61pRk3Me
Erik,White,Margie_Deckow,1xhSt357YPnTYGO
Kennedi,Thompson,Pattie52,hSmZNGXZtDq_h_v
Darrick,Collier,Alana6,WQWxPgWeJREILi4
Alisha,Farrell,Connor5,0crO0ZVG0MkvmgD
Ronaldo,Nader,Rae.Heller53,PXjHaZ0z1m_LtoO
Judge,Mayer,Ramiro.Harvey,VTkcMuNNQFG2S5U
Sherwood,Cummings,Selena_Rodriguez,tMBonfpkeMYyLSh
Marlen,Greenholt,Elva73,uZdQIdnlzRIn8es
Ike,Kuphal,Wilford_Lind9,WtBZeKSTUmbIia6
Wilford,Weber,Barrett50,VtOz0tybnTHe9G9
Nadia,Bins,Queenie_OConnell54,k5l_diwE2K1PPH1
Johan,Renner,Rhiannon_Jacobson35,ASDVF3mwOJqugUA
Karina,Nikolaus,Lauren17,gF3B3xhWSFdyaOa
Ariel,Jacobi,Jeramy.Beier,8lxgmNfSjOVyRs0
Eugene,Trantow,Rosalia43,J546jW8l5KlxZ0Z
Narciso,Hills,Annie44,8eXK0ijClNLTm7j
Kendra,Spinka,Roxanne33,AvFGZ_hHEqj_C73
Fredrick,Howe,Adrain_Kshlerin,cssZmfmx10cdCN3
Gordon,Mayer,Kirstin41,00omQM35lhIrjZ_
Marisol,Ferry,Dee_Labadie33,deNXUiONFa8vWwM
Constance,Kulas,Jacinthe_Jones,EoDLdQc0_lRelFB
Josiah,Zboncak,Colin.VonRueden,wzrdkfl1dASU2wx
Norwood,Monahan,Barney.Parisian,18tmH3T7ppoGW7R
Bailee,Bahringer,Earnestine53,pfjIWr_7tsHuDeS
Berenice,Leannon,Joe_Schneider,5Ajb3bTkPow4fum
Randall,Skiles,Esteban60,yITEEyNb96ytv9U
Wayne,Tromp,Jenifer.Baumbach57,BXRvajVO3wHaP2u
Bonnie,Nitzsche,Jaren.Terry,I1mOXrY5m7FMSb2
Dereck,Collier,Dudley85,hD6yEqzP2GV_QEc
Schuyler,Goyette,Alyson_Considine,Ivcce2D57xxS10e
Katelin,Brekke,Harold.Hand78,xb7vazCdD2rZsP_
Sally,Krajcik,Donato_Kozey,8NcKxvHGPAmYXPm
Tobin,Mayer,Nathanial46,1gVmgMetHgJ7oBt
Melany,Bednar,Maryjane_Hauck,KBGCSxGVxQg0MZO
Bartholome,Leannon,Pedro.Fay25,DFx2vx331q2fWPa
Josefa,Kuvalis,Ron54,pkFd2PIoqs4euLB
Walton,Fadel,Jaquelin83,3HHDfXF6VhEBhwq
Marley,Block,Terrill79,n7E0QIPYwWkFviJ
Elliott,Kemmer,Leif_Schneider,TQ6FzBUlot5Xap1
Alek,Wilkinson,Kathryn_Heidenreich87,sEUYXPKaY8Ryd2W
Tyreek,Spinka,Darien_Marks,gqfJYkzW7AxZGDJ
Mariah,Leuschke,Lisette54,2UUdAV_htzwLQvd
Antonina,Wiza,Roberta_Batz20,tRwzlSsQQQIjmDl
Pinkie,Hilll,Joseph_Bergstrom,IgB9uYdDyU36uBD
Maryam,Konopelski,Santiago.Feeney,zhRjFP53sRdSwLV
Dakota,Mann,Erwin.Moore,xBGTeg5Gvf8aJQn
Jevon,Tremblay,Joey83,VzHp3NR9UhavTSL
Milton,Williamson,Robbie67,pQ76qbpWvFHBIlQ
Rodger,Carroll,Rudolph.Daugherty,G5xeJ9HVw5sM49r
Maritza,Upton,Mohammed70,Qkt6EOYg3wOTSoX
Olaf,Legros,Alvah.Hills62,fmJQA3XuqanjBY5
Cornell,Volkman,Skyla4,e6MInegFMf0yA1B
Marcelina,Cummerata,Gaylord42,ge0ZoVDL6FYiZIu
Daniella,Conroy,Carlie92,nksjOegQX_dE7sF
Viviane,Larkin,Jamar_Hegmann57,r5gqlwM5w7TuuWX
Kallie,Harvey,Alberta_Sanford85,xY1CmRuuggL3hcw
Cole,Bauch,Sydnee54,YAdty1OuuL9DS2z
Amina,Lakin,Juana.Ernser34,SoeG3JYlTcViIzy
Terrill,Smitham,Michele22,pkhOfvEFzmpYktR
Jodie,Leffler,Mallie_Denesik,BQtaHQNrRfwdeHT
Jefferey,Huels,Montana.Little,Za7mZMoSjW0Vv7S
Halie,Keeling,Genesis_Turcotte30,tkbCLTmiiYClxsE
Melba,Medhurst,Vickie29,dL_qXFANBpoUnX2
Candice,Gutmann,Magnus_Keeling,f2KNtLLI8Z7p6TN
Harley,Shields,Berta_Nolan22,dXl02Dx4E7cK7nJ
Tyra,Gaylord,Hayden76,mubnh757zst8J5S
Rudy,Daugherty,Clarissa58,jj1Dm5PjJQOvqy3
Bert,Harvey,Gabriella_MacGyver5,FW8pyBiTClW4Amu
Yasmine,VonRueden,Nils.Maggio,vGWHiD0NP6gjTrz
Annie,Jakubowski,Juwan_Feeney,zbSovIVmAjo_KB9
Emmett,Reichel,Therese.Stanton28,1iyS7s8nVXUpqF_
Opal,Ratke,Elmira.Heathcote43,yLPOYiCAcRaLhOA
Ettie,Bechtelar,Demarco_Towne,TgiU84JERziRrTb
Scotty,Kris,Karli_Mertz2,z8BM_dXUQFNVdgd
Johnathan,Nicolas,Elmira.Maggio,3hSBzsYkP28yHe3
Kasey,Kuhlman,Lacy10,wZxfP2Bi_qBo5zB
Lisa,Hartmann,Eladio.Wolff,z0VcVNM3frkHBYZ
Lavina,Leffler,Davonte_Reynolds,ELNJqQ4zWTsKJHF
Jenifer,McDermott,Victor7,8FffHwAa1dBrPMY
Melyssa,Eichmann,Tamara_Erdman98,KHYzpwCE2XRv8CT
Emery,Schaden,Heath.Predovic13,5cowd0lXulJU24I
Leopold,Cummerata,Mercedes77,CIWvRp9XqXEsEtA
Edward,Halvorson,Cristal.Stehr,Y61I3gZV8iIr78O
Earnestine,Witting,Herminio55,Tl761R05L7pnLVA
Cornell,Gutkowski,Tina54,NFuPujsUlO1tc5V
Gisselle,Von,Eldridge.Maggio79,RxAC4vkMLsL0M7Z
Hilda,Ferry,Elyssa_Jast,rw9qp3wQFehWEDs
Vance,Torp,Don.Kirlin68,sAlac9NIcFyi3Gm
Troy,Fadel,Murray16,MKPIM1s0YWSYMYr
Patricia,Medhurst,Elmira.Moen26,oRoVTPDiRgzC2vx
Zelma,Gaylord,Stephanie_Schultz12,ZG_t02tMd3z_2xc
Janis,Feeney,Christelle15,HFteTCbfS1VoK3Y
Madyson,Bode,Adalberto37,IM1mKs_paMrApOO
Ellis,Rohan,Gordon_Wilkinson,EwHtKqhUZK2QUzx
Lonny,Schinner,Ramiro.Roob,yHEMwtPfApW11f5
Kevon,Runolfsdottir,Marcella88,ZzHxzBqctoif78e
Freddie,Watsica,Kasey_Schmidt95,y5zM6_9jRhVWt65
Cesar,Stanton,Mara.Beatty,6C1o3i_05fqBQiu
Gaetano,MacGyver,Lincoln.Fadel,JaqAV4BBnZYfldm
Cathrine,Bernhard,Madaline.Deckow,qAp9RBBTny9gVtv
